Workbook

Sheet 大中項目
A1: 機能ID | B1: HLCH | C1: 総件数
A2: 機能名 | B2: ヘルスチェック
A4: 大項目ID | B4: 大項目 | C4: 中項目ID | D4: 中項目
A5: =IF(B5="","",($B$1&TEXT(IF(B5="","",COUNTA($B$5:B5)),"00"))) -> HLCH01 | B5: ヘルスチェック結果が正常 | C5: =IF(B5="",($B$1&TEXT(IF(B5="",COUNTA($B$5:B5),1),"00")),A5)&IF(B5<>"",TEXT(1,"00"),TEXT(IF(A5<>"",1,RIGHT(C4,2)+1),"00")) -> HLCH0101 | D5: ヘルスチェック結果が成功ならstatusが「UP」となること
A6: =IF(B6="","",($B$1&TEXT(IF(B6="","",COUNTA($B$5:B6)),"00"))) | C6: =IF(B6="",($B$1&TEXT(IF(B6="",COUNTA($B$5:B6),1),"00")),A6)&IF(B6<>"",TEXT(1,"00"),TEXT(IF(A6<>"",1,RIGHT(C5,2)+1),"00")) -> HLCH0102 | D6: DynamoDBが正常のときにヘルスチェックのdynamoDBのstatusが「UP」になること
A7: =IF(B7="","",($B$1&TEXT(IF(B7="","",COUNTA($B$5:B7)),"00"))) | C7: =IF(B7="",($B$1&TEXT(IF(B7="",COUNTA($B$5:B7),1),"00")),A7)&IF(B7<>"",TEXT(1,"00"),TEXT(IF(A7<>"",1,RIGHT(C6,2)+1),"00")) -> HLCH0103 | D7: カスタムヘルスインジケータを無効化できること
A8: =IF(B8="","",($B$1&TEXT(IF(B8="","",COUNTA($B$5:B8)),"00"))) | C8: =IF(B8="",($B$1&TEXT(IF(B8="",COUNTA($B$5:B8),1),"00")),A8)&IF(B8<>"",TEXT(1,"00"),TEXT(IF(A8<>"",1,RIGHT(C7,2)+1),"00")) -> HLCH0104 | D8: Spring Boot Actuator を依存関係に追加しただけで有効になるRDBのヘルスチェックのstatusが「UP」になること
A9: =IF(B9="","",($B$1&TEXT(IF(B9="","",COUNTA($B$5:B9)),"00"))) | C9: =IF(B9="",($B$1&TEXT(IF(B9="",COUNTA($B$5:B9),1),"00")),A9)&IF(B9<>"",TEXT(1,"00"),TEXT(IF(A9<>"",1,RIGHT(C8,2)+1),"00")) -> HLCH0105 | D9: ヘルスチェックのエンドポイントURLが変更できること
A10: =IF(B10="","",($B$1&TEXT(IF(B10="","",COUNTA($B$5:B10)),"00"))) -> HLCH02 | B10: ヘルスチェック結果が異常 | C10: =IF(B10="",($B$1&TEXT(IF(B10="",COUNTA($B$5:B10),1),"00")),A10)&IF(B10<>"",TEXT(1,"00"),TEXT(IF(A10<>"",1,RIGHT(C9,2)+1),"00")) -> HLCH0201 | D10: DynamoDBでエラーが発生したときにヘルスチェックのdynamoDBのstatusと全体のstatusが「DOWN」になること
A11: =IF(B11="","",($B$1&TEXT(IF(B11="","",COUNTA($B$5:B11)),"00"))) | C11: =IF(B11="",($B$1&TEXT(IF(B11="",COUNTA($B$5:B11),1),"00")),A11)&IF(B11<>"",TEXT(1,"00"),TEXT(IF(A11<>"",1,RIGHT(C10,2)+1),"00")) -> HLCH0202 | D11: Spring Boot Actuator を依存関係に追加しただけで有効になるRDBのヘルスチェックのstatusと全体のstatusが「DOWN」になること

Sheet HLCH01
A1: 試験項目表 | C1: 件数 | D1: 機能ID/機能名 | E1: 大項目ID/大項目名 | F1: 作成者/作成日 | G1: 更新者/更新日 | H1: レビュー実施者/ レビュー日
A2: 大中項目へ | C2: =COUNTA($D$9:$D$65497) -> 5 | D2: =大中項目!B1 -> HLCH | E2: HLCH01 | F2: 小松原 健 | G2: 小松原 健
D3: =大中項目!B2 -> ヘルスチェック | E3: ヘルスチェック | F3: 43019 | G3: 43069
A5: 特記事項
A6: 特になし
A8: 中項目ID | B8: Case ID | C8: 分類 | D8: 試験項目 | E8: 試験条件 | F8: 試験条件詳細【事前条件】 | G8: 試験条件詳細【実施条件】 | H8: 確認内容 | I8: 確認方法
A9: =大中項目!C5 -> HLCH0101 | B9: =IF(A9<>"",1,INDIRECT(ADDRESS(ROW(B9)-1,COLUMN(B9),4))+1) -> 1 | C9: 正常 | D9: ヘルスチェック結果が成功ならstatusが「UP」となること | F9: DynamoDBにアクセスできること | H9: ・ヘルスチェック結果のstatusがすべて「UP」となっていること | I9: JUnit:○
A10: =大中項目!C6 -> HLCH0102 | B10: =IF(A10<>"",1,INDIRECT(ADDRESS(ROW(B10)-1,COLUMN(B10),4))+1) -> 1 | C10: 正常 | D10: DynamoDBが正常のときにヘルスチェックのdynamoDBのstatusが「UP」になること | F10: DynamoDBにアクセスできること | H10: ・DynamoDBのヘルスチェック結果のstatusが「UP」になっていること ・DynamoDBのヘルスチェック結果のキーにamazonDynamoDBがあること | I10: JUnit:○
A11: =大中項目!C7 -> HLCH0103 | B11: =IF(A11<>"",1,INDIRECT(ADDRESS(ROW(B11)-1,COLUMN(B11),4))+1) -> 1 | C11: 正常 | D11: カスタムヘルスインジケータを無効化できること | F11: DynamoDBにアクセスできること | G11: 「management.health.dynamodb.enabled」プロパティに「false」を設定する。 | H11: ・DynamoDBのヘルスチェック結果が取得できないこと | I11: JUnit:○
A12: =大中項目!C8 -> HLCH0104 | B12: =IF(A12<>"",1,INDIRECT(ADDRESS(ROW(B12)-1,COLUMN(B12),4))+1) -> 1 | C12: 正常 | D12: Spring Boot Actuator を依存関係に追加しただけで有効になるRDBのヘルスチェックのstatusが「UP」になること | F12: PostgreSQLにアクセスできること | H12: ・dbのstatusが「UP」になっていること | I12: JUnit:○
A13: =大中項目!C9 -> HLCH0105 | B13: =IF(A13<>"",1,INDIRECT(ADDRESS(ROW(B13)-1,COLUMN(B13),4))+1) -> 1 | C13: 正常 | D13: ヘルスチェックのエンドポイントURLが変更できること | G13: 「management.context-path」プロパティに 「/management」を設定する。 | H13: 「/management/health」でヘルスチェックできること | I13: JUnit:○

Sheet HLCH02
A1: 試験項目表 | C1: 件数 | D1: 機能ID/機能名 | E1: 大項目ID/大項目名 | F1: 作成者/作成日 | G1: 更新者/更新日 | H1: レビュー実施者/ レビュー日
A2: 大中項目へ | C2: =COUNTA($D$9:$D$65495) -> 2 | D2: =大中項目!B1 -> HLCH | E2: =大中項目!A10 -> HLCH02 | F2: 小松原 健 | G2: 小松原 健
D3: =大中項目!B2 -> ヘルスチェック | E3: ヘルスチェック | F3: 43019 | G3: 43069
A5: 特記事項
A6: 特になし
A8: 中項目ID | B8: Case ID | C8: 分類 | D8: 試験項目 | E8: 試験条件 | F8: 試験条件詳細【事前条件】 | G8: 試験条件詳細【実施条件】 | H8: 確認内容 | I8: 確認方法
A9: =大中項目!C10 -> HLCH0201 | B9: =IF(A9<>"",1,INDIRECT(ADDRESS(ROW(B9)-1,COLUMN(B9),4))+1) -> 1 | C9: サーバーエラー | D9: DynamoDBでエラーが発生したときにヘルスチェックのdynamoDBのstatusと全体のstatus「DOWN」になること | F9: DynamoDBにアクセスできないこと | G9: DynamoDBへのエンドポイントを存在しないエンドポイントに変更する。 | H9: ・dynamoDBのstatusが「DOWN」になっていること ・全体のヘルスチェック結果のstatusが「DOWN」になっていること | I9: JUnit:○
A10: =大中項目!C11 -> HLCH0202 | B10: =IF(A10<>"",1,INDIRECT(ADDRESS(ROW(B10)-1,COLUMN(B10),4))+1) -> 1 | C10: サーバーエラー | D10: Spring Boot Actuator を依存関係に追加しただけで有効になるRDBのヘルスチェックのstatusと全体のstatus「DOWN」になること | F10: PostgreSQLにアクセスできないこと | G10: PostgreSQLへのエンドポイントを存在しないエンドポイントに変更する。 | H10: ・dbのstatusが「DOWN」になっていること ・全体のヘルスチェック結果のstatusが「DOWN」になっていること | I10: JUnit:○
