Workbook

Sheet 大中項目
A1: 機能ID | B1: CAAB | C1: 総件数
A2: 機能名 | B2: キャッシュの抽象化（Cache Abstraction） | C2: =CAAB01!C2+CAAB02!C2+CAAB03!C2+CAAB04!C2 -> 4
A4: 大項目ID | B4: 大項目 | C4: 中項目ID | D4: 中項目
A5: =IF(B5="","",($B$1&TEXT(IF(B5="","",COUNTA($B$5:B5)),"00"))) -> CAAB01 | B5: Spring Cache Abstractionの設定 | C5: =IF(B5="",($B$1&TEXT(IF(B5="",COUNTA($B$5:B5),1),"00")),A5)&IF(B5<>"",TEXT(1,"00"),TEXT(IF(A5<>"",1,RIGHT(C4,2)+1),"00")) -> CAAB0101 | D5: ガイドラインに記載のキャッシュマネージャーの設定でRedisを使用したキャッシュが行えることの確認
A6: =IF(B6="","",($B$1&TEXT(IF(B6="","",COUNTA($B$5:B6)),"00"))) -> CAAB02 | B6: キャッシュするデータの選択 | C6: =IF(B6="",($B$1&TEXT(IF(B6="",COUNTA($B$5:B6),1),"00")),A6)&IF(B6<>"",TEXT(1,"00"),TEXT(IF(A6<>"",1,RIGHT(C5,2)+1),"00")) -> CAAB0201 | D6: ガイドラインに記載の方法でキャッシュするデータを選択出来ることの確認
A7: =IF(B7="","",($B$1&TEXT(IF(B7="","",COUNTA($B$5:B7)),"00"))) -> CAAB03 | B7: キャッシュしたデータの削除 | C7: =IF(B7="",($B$1&TEXT(IF(B7="",COUNTA($B$5:B7),1),"00")),A7)&IF(B7<>"",TEXT(1,"00"),TEXT(IF(A7<>"",1,RIGHT(C6,2)+1),"00")) -> CAAB0301 | D7: ガイドラインに記載の方法でキャッシュしたデータを削除出来ることの確認
A8: =IF(B8="","",($B$1&TEXT(IF(B8="","",COUNTA($B$5:B8)),"00"))) -> CAAB04 | B8: 目的別に接続先Redisを指定する | C8: =IF(B8="",($B$1&TEXT(IF(B8="",COUNTA($B$5:B8),1),"00")),A8)&IF(B8<>"",TEXT(1,"00"),TEXT(IF(A8<>"",1,RIGHT(C7,2)+1),"00")) -> CAAB0401 | D8: ガイドラインに記載のキャッシュマネージャーの設定で独自プロパティキーでのRedis接続が行えることの確認

Sheet CAAB01
A1: 試験項目表 | C1: 件数 | D1: 機能ID/機能名 | E1: 大項目ID/大項目名 | F1: 作成者/作成日 | G1: 更新者/更新日 | H1: レビュー実施者/ レビュー日
A2: 大中項目へ | C2: =COUNTA($D$9:$D$65495) -> 1 | D2: =大中項目!B1 -> CAAB | E2: CAAB01
D3: =大中項目!B2 -> キャッシュの抽象化（Cache Abstraction） | E3: Spring Cache Abstractionの設定
A5: 特記事項
A6: 特になし
A8: 中項目ID | B8: Case ID | C8: 分類 | D8: 試験項目 | E8: 試験条件 | F8: 試験条件詳細【事前条件】 | G8: 試験条件詳細【実施条件】 | H8: 確認内容 | I8: 確認方法
A9: CAAB0101 | B9: =IF(A9<>"",1,INDIRECT(ADDRESS(ROW(B9)-1,COLUMN(B9),4))+1) -> 1 | C9: 正常 | D9: キャッシュマネージャーとしてRedisCacheManagerを使用出来ること。 | E9: キャッシュマネージャとしてRedisCacheManagerを使用し、接続設定はspring bootデフォルトのプロパティを指定して行う。 | F9: XXXX-env.xmlに <bean id="cacheManager" class="org.springframework.data.redis.cache.RedisCacheManager" c:redisOperations-ref="redisTemplate" /> を指定する。 | G9: @Cacheableを付与したサービスクラスのメソッドを実行する。 | H9: @Cacheableのkey属性に指定したキーでRedisからキャッシュしたオブジェクトが取得できること。 | I9: Selenium:○

Sheet CAAB02
A1: 試験項目表 | C1: 件数 | D1: 機能ID/機能名 | E1: 大項目ID/大項目名 | F1: 作成者/作成日 | G1: 更新者/更新日 | H1: レビュー実施者/ レビュー日
A2: 大中項目へ | C2: =COUNTA($D$9:$D$65495) -> 1 | D2: =大中項目!B1 -> CAAB | E2: CAAB02
D3: =大中項目!B2 -> キャッシュの抽象化（Cache Abstraction） | E3: キャッシュするデータの選択
A5: 特記事項
A6: 特になし
A8: 中項目ID | B8: Case ID | C8: 分類 | D8: 試験項目 | E8: 試験条件 | F8: 試験条件詳細【事前条件】 | G8: 試験条件詳細【実施条件】 | H8: 確認内容 | I8: 確認方法
A9: CAAB0201 | B9: =IF(A9<>"",1,INDIRECT(ADDRESS(ROW(B9)-1,COLUMN(B9),4))+1) -> 1 | C9: 正常 | D9: @Cacheableアノテーションを使用したキャッシュするデータの選択が行えること | E9: DBデータを参照するサービスクラスのメソッドに@Cacheableアノテーションを付与し、実行する。 | F9: サービスクラスに@CacheConfigアノテーション を付与する。 @CacheConfig(cacheNames = "members") public class MemberUpdateServiceImpl implements MemberUpdateService DBデータを参照するメソッドに@Cacheableアノテーションを付与する。 @Cacheable(key = "'member/' + #customerNo") public Member findMember(String customerNo) キャッシュキーとしてメソッド引数のcustomerNoを指定する。 | G9: @Cacheableアノテーションを付与したサービスクラスのメソッドを実行する。 | H9: 実行したメソッドの戻り値のオブジェクトがRedisにキャッシュされること。 | I9: Selenium:○

Sheet CAAB03
A1: 試験項目表 | C1: 件数 | D1: 機能ID/機能名 | E1: 大項目ID/大項目名 | F1: 作成者/作成日 | G1: 更新者/更新日 | H1: レビュー実施者/ レビュー日
A2: 大中項目へ | C2: =COUNTA($D$9:$D$65495) -> 1 | D2: =大中項目!B1 -> CAAB | E2: CAAB03
D3: =大中項目!B2 -> キャッシュの抽象化（Cache Abstraction） | E3: キャッシュしたデータの削除
A5: 特記事項
A6: 特になし
A8: 中項目ID | B8: Case ID | C8: 分類 | D8: 試験項目 | E8: 試験条件 | F8: 試験条件詳細【事前条件】 | G8: 試験条件詳細【実施条件】 | H8: 確認内容 | I8: 確認方法
A9: CAAB0301 | B9: =IF(A9<>"",1,INDIRECT(ADDRESS(ROW(B9)-1,COLUMN(B9),4))+1) -> 1 | C9: 正常 | D9: @CacheEvictアノテーションを使用したキャッシュするデータの選択が行えること | E9: DBデータを更新するサービスクラスのメソッドに@CacheEvictアノテーションを付与し、実行する。 | F9: サービスクラスに@CacheConfigアノテーション を付与する。 @CacheConfig(cacheNames = "members") public class MemberUpdateServiceImpl implements MemberUpdateService DBデータを参照するメソッドに@CacheEvictアノテーションを付与する。 @CacheEvict(key = "'member/' + #member.customerNo") public Member updateMember(Member member) キャッシュキーとしてメソッド引数のcustomerNoを指定する。 | G9: @CacheEvictアノテーションを付与したサービスクラスのメソッドを実行する。 | H9: 実行したメソッドの引数に対応するRedis上のキャッシュが削除されること。 | I9: Selenium:○

Sheet CAAB04
A1: 試験項目表 | C1: 件数 | D1: 機能ID/機能名 | E1: 大項目ID/大項目名 | F1: 作成者/作成日 | G1: 更新者/更新日 | H1: レビュー実施者/ レビュー日
A2: 大中項目へ | C2: =COUNTA($D$9:$D$65494) -> 1 | D2: =大中項目!B1 -> CAAB | E2: CAAB04
D3: =大中項目!B2 -> キャッシュの抽象化（Cache Abstraction） | E3: 目的別に接続先Redisを指定する
A5: 特記事項
A6: 特になし
A8: 中項目ID | B8: Case ID | C8: 分類 | D8: 試験項目 | E8: 試験条件 | F8: 試験条件詳細【事前条件】 | G8: 試験条件詳細【実施条件】 | H8: 確認内容 | I8: 確認方法
A9: CAAB0401 | B9: =IF(A9<>"",1,INDIRECT(ADDRESS(ROW(B9)-1,COLUMN(B9),4))+1) -> 1 | C9: 正常 | D9: キャッシュマネージャーとしてRedisCacheManagerを使用出来ること。 セッションを格納するRedisを別に指定し、キャッシュとセッションを別のRedisに格納できること。 | E9: キャッシュマネージャとしてRedisCacheManagerを使用し、接続設定はspring bootデフォルトのプロパティを使用せず、独自のプロパティキーを使用して行う。 Spring Session Data Redisによるセッション管理を有効にする。 | F9: XXXX-env.xmlにガイドライン「目的別に接続先Redisを指定する」で説明した方法でキャッシュマネージャーが接続するRedisをキャッシュ用とセッション用とで別に指定する。 | G9: ①Controller内でgetSession()を実行し、セッションを作成する。 ②@Cacheableを付与したサービスクラスのメソッドを実行する。 ③@CacheEvictを付与したサービスクラスのメソッドを実行する。キャッシュキーは①実行時と同一となるリクエストを行う。 | H9: ①②を実行後、 ・@Cacheableのkey属性に指定したキーでRedisからキャッシュしたオブジェクトが取得できること。 ・セッション情報がキャッシュを格納したRedisとは別のRedisに格納されていること。 を確認する。 ③実行後、 ・@CacheEvictのkey属性に指定した値に対応するキャッシュが削除されていることを確認する。 | I9: Selenium:○
