Workbook

Sheet 大中項目
A1: 機能ID | B1: SSMN | C1: 総件数
A2: 機能名 | B2: セッション外部管理
A4: 大項目ID | B4: 大項目 | C4: 中項目ID | D4: 中項目
A5: =IF(B5="","",($B$1&TEXT(IF(B5="","",COUNTA($B$5:B5)),"00"))) -> SSMN01 | B5: TransactionTokenの拡張方法 | C5: =IF(B5="",($B$1&TEXT(IF(B5="",COUNTA($B$5:B5),1),"00")),A5)&IF(B5<>"",TEXT(1,"00"),TEXT(IF(A5<>"",1,RIGHT(C4,2)+1),"00")) -> SSMN0101 | D5: @TransactionTokenCheckのvalue(Namespace)指定
A6: =IF(B6="","",($B$1&TEXT(IF(B6="","",COUNTA($B$5:B6)),"00"))) | C6: =IF(B6="",($B$1&TEXT(IF(B6="",COUNTA($B$5:B6),1),"00")),A6)&IF(B6<>"",TEXT(1,"00"),TEXT(IF(A6<>"",1,RIGHT(C5,2)+1),"00")) -> SSMN0102 | D6: @TransactionTokenCheckのFlow control (TransactionTokenTypeを使ってTransactionTokenのライフサイクルを確認する)
A7: =IF(B7="","",($B$1&TEXT(IF(B7="","",COUNTA($B$5:B7)),"00"))) | C7: =IF(B7="",($B$1&TEXT(IF(B7="",COUNTA($B$5:B7),1),"00")),A7)&IF(B7<>"",TEXT(1,"00"),TEXT(IF(A7<>"",1,RIGHT(C6,2)+1),"00")) -> SSMN0103 | D7: TransactionTokenStoreのサイズチェック (同時処理数の一定数と同等、または超える時の動き)
A8: =IF(B8="","",($B$1&TEXT(IF(B8="","",COUNTA($B$5:B8)),"00"))) | C8: =IF(B8="",($B$1&TEXT(IF(B8="",COUNTA($B$5:B8),1),"00")),A8)&IF(B8<>"",TEXT(1,"00"),TEXT(IF(A8<>"",1,RIGHT(C7,2)+1),"00")) -> SSMN0104 | D8: JSP Tag (t:transaction)
A9: =IF(B9="","",($B$1&TEXT(IF(B9="","",COUNTA($B$5:B9)),"00"))) | C9: =IF(B9="",($B$1&TEXT(IF(B9="",COUNTA($B$5:B9),1),"00")),A9)&IF(B9<>"",TEXT(1,"00"),TEXT(IF(A9<>"",1,RIGHT(C8,2)+1),"00")) -> SSMN0105 | D9: セッションタイムアウト時のトークン削除
A10: =IF(B10="","",($B$1&TEXT(IF(B10="","",COUNTA($B$5:B10)),"00"))) -> SSMN02 | B10: セッションの外部管理 | C10: =IF(B10="",($B$1&TEXT(IF(B10="",COUNTA($B$5:B10),1),"00")),A10)&IF(B10<>"",TEXT(1,"00"),TEXT(IF(A10<>"",1,RIGHT(C9,2)+1),"00")) -> SSMN0201 | D10: Redisによるセッション保存
A11: =IF(B11="","",($B$1&TEXT(IF(B11="","",COUNTA($B$5:B11)),"00"))) | C11: =IF(B11="",($B$1&TEXT(IF(B11="",COUNTA($B$5:B11),1),"00")),A11)&IF(B11<>"",TEXT(1,"00"),TEXT(IF(A11<>"",1,RIGHT(C10,2)+1),"00")) -> SSMN0202 | D11: ログアウト時のセッション操作
A12: =IF(B12="","",($B$1&TEXT(IF(B12="","",COUNTA($B$5:B12)),"00"))) | C12: =IF(B12="",($B$1&TEXT(IF(B12="",COUNTA($B$5:B12),1),"00")),A12)&IF(B12<>"",TEXT(1,"00"),TEXT(IF(A12<>"",1,RIGHT(C11,2)+1),"00")) -> SSMN0203 | D12: タイムアウト時のセッション状態判定

Sheet SSMN01
A1: 試験項目表 | C1: 件数 | D1: 機能ID/機能名 | E1: 大項目ID/大項目名 | F1: 作成者/作成日 | G1: 更新者/更新日 | H1: レビュー実施者/ レビュー日
A2: 大中項目へ | C2: =COUNTA($D$9:$D$65503) -> 28 | D2: =大中項目!B1 -> SSMN | E2: =大中項目!A5 -> SSMN01
D3: =大中項目!B2 -> セッション外部管理
A5: 特記事項
A6: 特になし
A8: 中項目ID | B8: Case ID | C8: 分類 | D8: 試験項目 | E8: 試験条件 | F8: 試験条件詳細【事前条件】 | G8: 試験条件詳細【実施条件】 | H8: 確認内容 | I8: 確認方法
A9: =大中項目!C5 -> SSMN0101 | B9: =IF(A9<>"",1,INDIRECT(ADDRESS(ROW(B9)-1,COLUMN(B9),4))+1) -> 1 | C9: 正常 | D9: クラスに対して、指定したvalueの値で、Namespaceが有効になっていること | E9: クラスのみに対して、@TransactionTokenCheck("transactiontoken")を指定している | H9: 生成したトークンは「transactiontoken~xxx~xxx」の形であること | I9: Selenium:○
B10: =IF(A10<>"",1,INDIRECT(ADDRESS(ROW(B10)-1,COLUMN(B10),4))+1) -> 2 | C10: 正常 | D10: クラスとメソッドに対して、指定したvalueの値で、Namespaceが有効になっていること | E10: クラスに対して、@TransactionTokenCheck("transactiontoken")とメソッドに、@TransactionTokenCheck("create")は指定している | H10: 生成したトークンは「transactiontoken/create~xxx~xxx」 の形であること | I10: Selenium:○
B11: =IF(A11<>"",1,INDIRECT(ADDRESS(ROW(B11)-1,COLUMN(B11),4))+1) -> 3 | C11: 正常 | D11: メソッドに対して、指定したvalueの値で、Namespaceが有効になっていること | E11: メソッドのみに、@TransactionTokenCheck("create")は指定している | H11: 生成したトークンは「create~xxx~xxx」 の形であること | I11: Selenium:○
B12: =IF(A12<>"",1,INDIRECT(ADDRESS(ROW(B12)-1,COLUMN(B12),4))+1) -> 4 | C12: 正常 | D12: クラスとメソッド両方に対して、valueの値は指定していないので、globalTokenでNamespaceが有効になっていること | E12: クラスとメソッド両方に対して、@TransactionTokenCheckのvalue指定はない | H12: 生成したトークンは「globalToken~xxx~xxx」 の形であること | I12: Selenium:○
A13: =大中項目!C6 -> SSMN0102 | B13: =IF(A13<>"",1,INDIRECT(ADDRESS(ROW(B13)-1,COLUMN(B13),4))+1) -> 1 | C13: 正常 | D13: BEGIN-IN-CHECK-END (Namespace指定している - value属性) | E13: RequestMapping用に六つのメソッドにTransactionTokenType BEGIN,IN,CHECK,ENDそれぞれを付けている | H13: BEGINのついているメソッドに対するリクエストのレスポンスにhidden項目「_TRANSACTION_TOKEN」が入っていること（作成されている） INのついているメソッドに対するリクエストのレスポンスにhidden項目「_TRANSACTION_TOKEN」が入っていること（更新されている） CHECKのついているメソッドに対するリクエストのレスポンスにhidden項目「_TRANSACTION_TOKEN」が入っていること（更新されていない） ENDのついているメソッドに対するリクエストのレスポンスにhidden項目「_TRANSACTION_TOKEN」が入っていないこと（破棄されている） BEGINのついているメソッドで作られたtransaction tokenと、INのついているメソッドで作られたtransaction tokenの比較を行い、name、keyは一致し、valueは一致していないこと(特定部分のみ更新されていること) | I13: Selenium:○
B14: =IF(A14<>"",1,INDIRECT(ADDRESS(ROW(B14)-1,COLUMN(B14),4))+1) -> 2 | C14: 正常 | D14: BEGIN-IN-CHECK-END (Namespace指定している - namespace属性) | E14: RequestMapping用に六つのメソッドにTransactionTokenType BEGIN,IN,CHECK,ENDそれぞれが付けている | H14: BEGINのついているメソッドに対するリクエストのレスポンスにhidden項目「_TRANSACTION_TOKEN」が入っていること（作成されている） INのついているメソッドに対するリクエストのレスポンスにhidden項目「_TRANSACTION_TOKEN」が入っていること（更新されている） CHECKのついているメソッドに対するリクエストのレスポンスにhidden項目「_TRANSACTION_TOKEN」が入っていること（更新されていない） ENDのついているメソッドに対するリクエストのレスポンスにhidden項目「_TRANSACTION_TOKEN」が入っていないこと（破棄されている） BEGINのついているメソッドで作られたtransaction tokenと、INのついているメソッドで作られたtransaction tokenの比較を行い、name、keyは一致し、valueは一致していないこと(特定部分のみ更新されていること) | I14: Selenium:○
B15: =IF(A15<>"",1,INDIRECT(ADDRESS(ROW(B15)-1,COLUMN(B15),4))+1) -> 3 | C15: 正常 | D15: BEGIN-IN-CHECK-END (Namespace指定していない - globalToken) | E15: RequestMapping用に六つのメソッドにTransactionTokenType BEGIN,IN,CHECK,ENDそれぞれが付けている | H15: BEGINのついているメソッドに対するリクエストのレスポンスにhidden項目「_TRANSACTION_TOKEN」が入っていること（作成されている） INのついているメソッドに対するリクエストのレスポンスにhidden項目「_TRANSACTION_TOKEN」が入っていること（更新されている） CHECKのついているメソッドに対するリクエストのレスポンスにhidden項目「_TRANSACTION_TOKEN」が入っていること（更新されていない） ENDのついているメソッドに対するリクエストのレスポンスにhidden項目「_TRANSACTION_TOKEN」が入っていないこと（破棄されている） BEGINのついているメソッドで作られたtransaction tokenと、INのついているメソッドで作られたtransaction tokenの比較を行い、name、keyは一致し、valueは一致していないこと(特定部分のみ更新されていること) 作成されたtransaction tokenのnameは"globalToken"であること | I15: Selenium:○
B16: =IF(A16<>"",1,INDIRECT(ADDRESS(ROW(B16)-1,COLUMN(B16),4))+1) -> 4 | C16: 正常 | D16: BEGIN-END | E16: RequestMapping用に二つのメソッドにTransactionTokenType BEGIN,ENDそれぞれが付けている | H16: BEGINメソッドに対するリクエストのレスポンスにhidden項目「_TRANSACTION_TOKEN」が入っていること（作成されている） ENDメソッドに対するリクエストのレスポンスにhidden項目「_TRANSACTION_TOKEN」が入っていないこと（破棄されている） | I16: Selenium:○
B17: =IF(A17<>"",1,INDIRECT(ADDRESS(ROW(B17)-1,COLUMN(B17),4))+1) -> 5 | C17: 正常 | D17: BEGIN-IN-IN(Redo)-IN-END | E17: RequestMapping用に四つのメソッドにTransactionTokenType BEGIN,IN,IN,ENDそれぞれが付けている。INが付けているメソッド一つはRedo(戻る)用のメソッドである。 | H17: BEGINメソッドに対するリクエストのレスポンスにhidden項目「_TRANSACTION_TOKEN」が入っていること（作成されている） INメソッドに対するリクエストのレスポンスにhidden項目「_TRANSACTION_TOKEN」が入っていること（更新されている） ENDメソッドに対するリクエストのレスポンスにhidden項目「_TRANSACTION_TOKEN」が入っていないこと（破棄されている） BEGINメソッドで作られたtransaction tokenと、INメソッドで作られたtransaction tokenの比較を行い、name、keyは一致し、valueは一致していないこと(特定部分のみ更新されていること) | I17: Selenium:○
B18: =IF(A18<>"",1,INDIRECT(ADDRESS(ROW(B18)-1,COLUMN(B18),4))+1) -> 6 | C18: 正常 | D18: BEGIN(Input Error)-BEGIN-IN | E18: RequestMapping用に二つのメソッドにTransactionTokenType BEGIN,INそれぞれが付けている | H18: 入力チェックエラーが発生してもBEGINメソッドに対するリクエストのレスポンスにhidden項目「_TRANSACTION_TOKEN」が入っていること（作成されている） 入力チェックエラーを解決してもう一度リクエストを出したらレスポンスにhidden項目「_TRANSACTION_TOKEN」が入っていること（作成されている） INメソッドに対するリクエストのレスポンスにhidden項目「_TRANSACTION_TOKEN」が入っていること（更新されている） BEGINメソッドで作られたtransaction tokenと、INメソッドで作られたtransaction tokenの比較を行い、nameは一致し、key、valueは一致していないこと(特定部分のみ更新されていること) | I18: Selenium:○
B19: =IF(A19<>"",1,INDIRECT(ADDRESS(ROW(B19)-1,COLUMN(B19),4))+1) -> 7 | C19: 正常 | D19: BEGIN-END (Business Error) | E19: RequestMapping用に二つのメソッドにTransactionTokenType BEGIN,ENDそれぞれが付けている | H19: BEGINメソッドに対するリクエストのレスポンスにhidden項目「_TRANSACTION_TOKEN」が入っていること（作成されている） ENDメソッドに対するリクエストの処理でエラーが発生してもレスポンスにhidden項目「_TRANSACTION_TOKEN」が入っていないこと（破棄されている） | I19: Selenium:○
B20: =IF(A20<>"",1,INDIRECT(ADDRESS(ROW(B20)-1,COLUMN(B20),4))+1) -> 8 | C20: サーバーエラー | D20: IN called without BEGIN (Token error since token not present) | E20: メソッドの@TransactionTokenCheckにTransactionTokenType INが付けている | H20: INメソッドに対するリクエストの呼び出しでトークンが渡されていないのでtoken errorが発生されている | I20: Selenium:○
B21: =IF(A21<>"",1,INDIRECT(ADDRESS(ROW(B21)-1,COLUMN(B21),4))+1) -> 9 | C21: サーバーエラー | D21: BEGIN-IN-(Browser Back)-IN (Token error due to Token mismatch) | E21: メソッドの@TransactionTokenCheckにTransactionTokenType INが付けている INの着いているメソッドにリクエストしてからブラウザバックで戻り、もう一度同じリクエストをする。 | H21: INメソッドに対するリクエストが完了したらBrowserのBackを押してまたサブミットするとtoken errorが発生されている | I21: Selenium:○
B22: =IF(A22<>"",1,INDIRECT(ADDRESS(ROW(B22)-1,COLUMN(B22),4))+1) -> 10 | C22: サーバーエラー | D22: BEGIN-IN (Token error due to Token mismatch) | E22: メソッドの@TransactionTokenCheckにTransactionTokenType BEGIN,INがそれぞれ付けている | H22: INメソッドに対するリクエストの呼び出しで渡されたトークンが一致していないのでtoken errorが発生されている | I22: Selenium:○
B23: =IF(A23<>"",1,INDIRECT(ADDRESS(ROW(B23)-1,COLUMN(B23),4))+1) -> 11 | C23: サーバーエラー | D23: END called without BEGIN (Token error since token not present) | E23: メソッドの@TransactionTokenCheckにTransactionTokenType ENDが付けている | H23: ENDメソッドに対するリクエストの呼び出しでトークンが渡されていないのでtoken errorが発生されている | I23: Selenium:○
B24: =IF(A24<>"",1,INDIRECT(ADDRESS(ROW(B24)-1,COLUMN(B24),4))+1) -> 12 | C24: サーバーエラー | D24: BEGIN-END (Token error due to Token mismatch) | E24: メソッドの@TransactionTokenCheckにTransactionTokenType BEGIN,ENDがそれぞれ付けている | H24: ENDメソッドに対するリクエストの呼び出しで渡されたトークンが一致していないのでtoken errorが発生されている | I24: Selenium:○
B25: =IF(A25<>"",1,INDIRECT(ADDRESS(ROW(B25)-1,COLUMN(B25),4))+1) -> 13 | C25: 正常 | D25: BEGIN-IN | E25: メソッドの@TransactionTokenCheckにTransactionTokenType BEGIN,ENDがそれぞれ付けている | H25: BEGINメソッドに対するリクエストのレスポンスにhidden項目「_TRANSACTION_TOKEN」が入っていること（作成されている） INメソッドに対するリクエストのレスポンスにhidden項目「_TRANSACTION_TOKEN」が入っていること（更新されている） BEGINメソッドで作られたtransaction tokenと、INメソッドで作られたtransaction tokenの比較を行い、name、keyは一致し、valueは一致していないこと(特定部分のみ更新されていること) | I25: Selenium:○
... B28: =IF(A28<>"",1,INDIRECT(ADDRESS(ROW(B28)-1,COLUMN(B28),4))+1) -> 16 | C28: サーバーエラー | D28: CHECK called without BEGIN (Token error since token not present) | E28: メソッドの@TransactionTokenCheckにTransactionTokenType CHECKが付けている | H28: CHECKのついているメソッドに対するリクエストの呼び出しでトークンが渡されていないのでtoken errorが発生する | I28: Selenium:○
A29: =大中項目!C7 -> SSMN0103 | B29: =IF(A29<>"",1,INDIRECT(ADDRESS(ROW(B29)-1,COLUMN(B29),4))+1) -> 1 | C29: サーバーエラー | D29: 同じセッションでNameSpaceごとに保持できるTransactionTokenの数が超えると自動で過去のトランザクショントークンを削除される (windowをMax+1起動) | E29: クラスのみに対して、@TransactionTokenCheck("transactiontoken")を指定している 同じ業務処理を十個のタブで行っていて、Transactionトークンが生成されている状態 | H29: 同じ業務処理を十一回目のタブで行って、一回目のタブに移動してサブミットするとトークンエラーになっていること | I29: Selenium:○
B30: =IF(A30<>"",1,INDIRECT(ADDRESS(ROW(B30)-1,COLUMN(B30),4))+1) -> 2 | C30: サーバーエラー | D30: 同じセッションでNameSpaceごとに保持できるTransactionTokenの数が超えると自動で過去のトランザクショントークンを削除される (カスタム設定 = 2) | E30: クラスとメソッドに対してnamespaceを指定している (例 : Namespace = transactiontoken/create) 同じセッションで違う業務処理を二つのタブで行っていて、Transactionトークンが生成されている状態 | H30: 同じセッションで違う業務処理を新規のタブで行って、一回目のタブに移動してサブミットするとトークンエラーになっていること | I30: Selenium:○
B31: =IF(A31<>"",1,INDIRECT(ADDRESS(ROW(B31)-1,COLUMN(B31),4))+1) -> 3 | C31: サーバーエラー | D31: 同じセッションでNameSpaceごとに保持できるTransactionTokenの数が超えると自動で過去のトランザクショントークンを削除される (カスタム設定 = 2) | E31: メソッドのみに対して、@TransactionTokenCheck("xxxxx")を指定している 同じセッションで違う業務処理を二つのタブで行っていて、Transactionトークンが生成されている状態 | H31: 同じセッションで違う業務処理を新規のタブで行って、一回目のタブに移動してサブミットするとトークンエラーになっていること | I31: Selenium:○
B32: =IF(A32<>"",1,INDIRECT(ADDRESS(ROW(B32)-1,COLUMN(B32),4))+1) -> 4 | C32: サーバーエラー | D32: 同じセッションでNameSpaceごとに保持できるTransactionTokenの数が超えると自動で過去のトランザクショントークンを削除される | E32: Namespace指定していない (NameSpaceはグローバルNamespaceになる)。同時処理数の一定数を1にセットしている。 任意の業務処理を行って、Transactionトークンが生成されている状態 | H32: 同じセッションで新規のタブで任意の業務処理を行って、一回目のタブに移動してサブミットするとトークンエラーになっていること | I32: Selenium:○
B33: =IF(A33<>"",1,INDIRECT(ADDRESS(ROW(B33)-1,COLUMN(B33),4))+1) -> 5 | C33: 正常 | D33: 同じセッションでNameSpaceごとに保持できるTransactionTokenの数と同じ場合、自動で過去のトランザクショントークンを削除されないこと (デフォルト10個) | E33: クラスのみに対して、@TransactionTokenCheck("transactiontoken")を指定している 同じ業務処理を十個のタブで行っていて、Transactionトークンが生成されている状態 | H33: 一回目のタブに移動してサブミットしても正常にレスポンスが返却されること | I33: Selenium:○
B34: =IF(A34<>"",1,INDIRECT(ADDRESS(ROW(B34)-1,COLUMN(B34),4))+1) -> 6 | C34: 正常 | D34: 同じセッションでNameSpaceごとに保持できるTransactionTokenの数が超えると自動で過去のトランザクショントークンを削除される(windowをMax起動し、上書きしたセッションでリクエスト送信) | E34: クラスのみに対して、@TransactionTokenCheck("transactiontoken")を指定している 同じ業務処理を十個のタブで行っていて、Transactionトークンが生成されている状態 どこかのタブでtokenを上書きした(5個目のタブ)後、消されたtokenを所持しているタブから画面遷移を行う。 | H34: 一回目のタブに移動してサブミットしても正常にレスポンスが返却されること 消されたtokenを所持しているタブから画面遷移を行った場合、トークンエラーになっていること。 | I34: Selenium:○
A35: =大中項目!C8 -> SSMN0104 | B35: =IF(A35<>"",1,INDIRECT(ADDRESS(ROW(B35)-1,COLUMN(B35),4))+1) -> 1 | C35: 正常 | D35: <form:form>タグを使用しない場合は、<t:transaction /> を明示的に使用することにより、同じようにTransactionTokenCheckのhidden項目が埋め込まれる | E35: 対象JSPに<form:form>タグを使用しないで<t:transaction />タグが定義されている | H35: Transaction トークンが生成されて出力ビューとして上記のJSPが指定されているときレスポンスにhidden項目「_TRANSACTION_TOKEN」が入っていること 生成したトークンは「globalToken~xxx~xxx」の形であること | I35: Selenium:○
A36: =大中項目!C9 -> SSMN0105 | B36: =IF(A36<>"",1,INDIRECT(ADDRESS(ROW(B36)-1,COLUMN(B36),4))+1) -> 1 | C36: サーバーエラー | D36: セッションタイムアウト時にDBに保持しているTransactionTokenが削除される | E36: RequestMapping用に六つのメソッドにTransactionTokenType BEGIN,IN,CHECK,ENDそれぞれを付けている | H36: BEGINのついているメソッドに対するリクエストのレスポンスにhidden項目「_TRANSACTION_TOKEN」が入っていること（作成されている） APサーバのセッションタイムアウト設定時間経過後にINのついているメソッドに対するリクエストを行い、トークンエラーとなること | I36: Selenium:○

Sheet SSMN02
A1: 試験項目表 | C1: 件数 | D1: 機能ID/機能名 | E1: 大項目ID/大項目名 | F1: 作成者/作成日 | G1: 更新者/更新日 | H1: レビュー実施者/ レビュー日
A2: 大中項目へ | C2: =COUNTA($D$9:$D$65466) -> 3 | D2: =大中項目!B1 -> SSMN | E2: =大中項目!A10 -> SSMN02 | F2: 小松原 健
D3: =大中項目!B2 -> セッション外部管理 | F3: 43041
A5: 特記事項
A6: 特になし
A8: 中項目ID | B8: Case ID | C8: 分類 | D8: 試験項目 | E8: 試験条件 | F8: 試験条件詳細【事前条件】 | G8: 試験条件詳細【実施条件】 | H8: 確認内容 | I8: 確認方法
A9: =大中項目!C10 -> SSMN0201 | B9: =IF(A9<>"",1,INDIRECT(ADDRESS(ROW(B9)-1,COLUMN(B9),4))+1) -> 1 | C9: 正常 | D9: SessionがRedisに保存され、Session情報の新規作成、更新ができること | E9: ・Redisにデータが存在しないこと ・SessionをRedisに保存するように設定していること | H9: ・Redisに新規にSessionが保存されていること ・Redisに保存されているSessionと画面に表示したSession情報が一致していること。 ・Session情報を更新すると、Redisに保存されているセッションも更新されていること。 | I9: Selenium:○
A10: =大中項目!C11 -> SSMN0202 | B10: =IF(A10<>"",1,INDIRECT(ADDRESS(ROW(B10)-1,COLUMN(B10),4))+1) -> 1 | C10: 正常 | D10: ログイン後に認証が必要なページにアクセスしてから、ログアウトし、再度認証が必要なページにアクセスし、ログイン画面に遷移すること。 | E10: ・SessionをRedisに保存するように設定していること ・有効なセッションがある状態 | H10: ・ログアウト後にセッションが無効化されていること | I10: Selenium:○
A11: =大中項目!C12 -> SSMN0203 | B11: =IF(A11<>"",1,INDIRECT(ADDRESS(ROW(B11)-1,COLUMN(B11),4))+1) -> 1 | C11: サーバーエラー | D11: セッションタイムアウト後に認証が必要なページでGETを行い、Invalid Sessionエラーになること | E11: ・SessionをRedisに保存するように設定していること ・spring-security.xmlに invalid-session-url="/error/invalidSession" を設定する ・セッションタイムアウト後にGET | H11: /error/invalidSession に遷移すること | I11: Selenium:○
