Workbook

Sheet 大中項目
A1: 機能ID | B1: UPSC | C1: 総件数
A2: 機能名 | B2: CDN利用時の更新後の静的コンテンツの配信
A4: 大項目ID | B4: 大項目 | C4: 中項目ID | D4: 中項目
A5: =IF(B5="","",($B$1&TEXT(IF(B5="","",COUNTA($B$5:B5)),"00"))) -> UPSC01 | B5: 更新後の静的コンテンツの配信 | C5: =IF(B5="",($B$1&TEXT(IF(B5="",COUNTA($B$5:B5),1),"00")),A5)&IF(B5<>"",TEXT(1,"00"),TEXT(IF(A5<>"",1,RIGHT(C4,2)+1),"00")) -> UPSC0101 | D5: 更新した静的コンテンツがキャッシュタイムアウトを待たずに取得できることを確認する。
A6: =IF(B6="","",($B$1&TEXT(IF(B6="","",COUNTA($B$5:B6)),"00"))) | C6: =IF(B6="",($B$1&TEXT(IF(B6="",COUNTA($B$5:B6),1),"00")),A6)&IF(B6<>"",TEXT(1,"00"),TEXT(IF(A6<>"",1,RIGHT(C5,2)+1),"00")) -> UPSC0102
A7: =IF(B7="","",($B$1&TEXT(IF(B7="","",COUNTA($B$5:B7)),"00"))) | C7: =IF(B7="",($B$1&TEXT(IF(B7="",COUNTA($B$5:B7),1),"00")),A7)&IF(B7<>"",TEXT(1,"00"),TEXT(IF(A7<>"",1,RIGHT(C6,2)+1),"00")) -> UPSC0103
A8: =IF(B8="","",($B$1&TEXT(IF(B8="","",COUNTA($B$5:B8)),"00"))) | C8: =IF(B8="",($B$1&TEXT(IF(B8="",COUNTA($B$5:B8),1),"00")),A8)&IF(B8<>"",TEXT(1,"00"),TEXT(IF(A8<>"",1,RIGHT(C7,2)+1),"00")) -> UPSC0104
A9: =IF(B9="","",($B$1&TEXT(IF(B9="","",COUNTA($B$5:B9)),"00"))) | C9: =IF(B9="",($B$1&TEXT(IF(B9="",COUNTA($B$5:B9),1),"00")),A9)&IF(B9<>"",TEXT(1,"00"),TEXT(IF(A9<>"",1,RIGHT(C8,2)+1),"00")) -> UPSC0105
A10: =IF(B10="","",($B$1&TEXT(IF(B10="","",COUNTA($B$5:B10)),"00"))) | C10: =IF(B10="",($B$1&TEXT(IF(B10="",COUNTA($B$5:B10),1),"00")),A10)&IF(B10<>"",TEXT(1,"00"),TEXT(IF(A10<>"",1,RIGHT(C9,2)+1),"00")) -> UPSC0106
A11: =IF(B11="","",($B$1&TEXT(IF(B11="","",COUNTA($B$5:B11)),"00"))) | C11: =IF(B11="",($B$1&TEXT(IF(B11="",COUNTA($B$5:B11),1),"00")),A11)&IF(B11<>"",TEXT(1,"00"),TEXT(IF(A11<>"",1,RIGHT(C10,2)+1),"00")) -> UPSC0107
A12: =IF(B12="","",($B$1&TEXT(IF(B12="","",COUNTA($B$5:B12)),"00"))) | C12: =IF(B12="",($B$1&TEXT(IF(B12="",COUNTA($B$5:B12),1),"00")),A12)&IF(B12<>"",TEXT(1,"00"),TEXT(IF(A12<>"",1,RIGHT(C11,2)+1),"00")) -> UPSC0108
A13: =IF(B13="","",($B$1&TEXT(IF(B13="","",COUNTA($B$5:B13)),"00"))) | C13: =IF(B13="",($B$1&TEXT(IF(B13="",COUNTA($B$5:B13),1),"00")),A13)&IF(B13<>"",TEXT(1,"00"),TEXT(IF(A13<>"",1,RIGHT(C12,2)+1),"00")) -> UPSC0109
A14: =IF(B14="","",($B$1&TEXT(IF(B14="","",COUNTA($B$5:B14)),"00"))) | C14: =IF(B14="",($B$1&TEXT(IF(B14="",COUNTA($B$5:B14),1),"00")),A14)&IF(B14<>"",TEXT(1,"00"),TEXT(IF(A14<>"",1,RIGHT(C13,2)+1),"00")) -> UPSC0110

Sheet UPSC01
A1: 試験項目表 | C1: 件数 | D1: 機能ID/機能名 | E1: 大項目ID/大項目名 | F1: 作成者/作成日 | G1: 更新者/更新日 | H1: レビュー実施者/ レビュー日
A2: 大中項目へ | C2: =COUNTA($D$9:$D$65505) -> 1 | D2: =大中項目!B1 -> UPSC | E2: =大中項目!A5 -> UPSC01 | F2: 小松原 健
D3: =大中項目!B2 -> CDN利用時の更新後の静的コンテンツの配信 | E3: =大中項目!B5 -> 更新後の静的コンテンツの配信 | F3: 42965
A5: 特記事項
A6: 特になし
A8: 中項目ID | B8: Case ID | C8: 分類 | D8: 試験項目 | E8: 試験条件 | F8: 試験条件詳細【事前条件】 | G8: 試験条件詳細【実施条件】 | H8: 確認内容 | I8: 確認方法
A9: =大中項目!A5 -> UPSC01 | B9: =IF(A9<>"",1,INDIRECT(ADDRESS(ROW(B9)-1,COLUMN(B9),4))+1) -> 1 | C9: 正常 | D9: 更新した静的コンテンツがキャッシュタイムアウトを待たずに取得できることを確認する。 | E9: オリジンサーバからCDNを通して静的コンテンツを配信できるようにする。 オリジンサーバにHTMLファイルと2つの異なる画像ファイルを配置し、HTMLファイルでどちらか一方の画像ファイルを読み込むように記述する。 | F9: Amazon S3のバケットとAmazon Cloud Front のウェブディストリビューションを作成する。S3からCloudFrontを利用して、静的コンテンツを配信できる状態にする。 詳細手順は以下のドキュメントを参照する。 http://docs.aws.amazon.com/ja_jp/AmazonCloudFront/latest/DeveloperGuide/GettingStarted.html S3にHTMLファイルA、2つの異なる画像ファイルB,Cを配置する。HTMLファイルでは、画像ファイルBを読み込むように記述する。 | G9: CloudFront経由で、HTMLファイルAにアクセスする。 HTMLファイルAで画像ファイルCを読み込むように記述を更新する。CloudFrontからHTMLファイルAのキャッシュをクリアする。CloudFrontのキャッシュクリアが完了次第、CloudFront経由でHTMLファイルAにアクセスする。 詳細な手順は「試験実施手順」シートを確認すること。 | H9: 画像ファイルBが表示されることを確認する。 「X-Cache」を参照し、「X-Cache」の値が「Hit from cloudfront」になっていることを確認する。 画像ファイルCが表示されることを確認する。 「X-Cache」を参照し、「X-Cache」の値が「Hit from cloudfront」になっていることを確認する。 | I9: 手動実行
B10: =IF(A10<>"",1,INDIRECT(ADDRESS(ROW(B10)-1,COLUMN(B10),4))+1) -> 2
B11: =IF(A11<>"",1,INDIRECT(ADDRESS(ROW(B11)-1,COLUMN(B11),4))+1) -> 3
B12: =IF(A12<>"",1,INDIRECT(ADDRESS(ROW(B12)-1,COLUMN(B12),4))+1) -> 4
B13: =IF(A13<>"",1,INDIRECT(ADDRESS(ROW(B13)-1,COLUMN(B13),4))+1) -> 5
B14: =IF(A14<>"",1,INDIRECT(ADDRESS(ROW(B14)-1,COLUMN(B14),4))+1) -> 6
B15: =IF(A15<>"",1,INDIRECT(ADDRESS(ROW(B15)-1,COLUMN(B15),4))+1) -> 7
B16: =IF(A16<>"",1,INDIRECT(ADDRESS(ROW(B16)-1,COLUMN(B16),4))+1) -> 8
B17: =IF(A17<>"",1,INDIRECT(ADDRESS(ROW(B17)-1,COLUMN(B17),4))+1) -> 9
B18: =IF(A18<>"",1,INDIRECT(ADDRESS(ROW(B18)-1,COLUMN(B18),4))+1) -> 10
B19: =IF(A19<>"",1,INDIRECT(ADDRESS(ROW(B19)-1,COLUMN(B19),4))+1) -> 11

Sheet 試験実施手順
A2: 1. S3には以下のように資材を配置する。`index.html`では、`${S3BucketRoot}/resources/v1/images/train.jpg`をCloudFront経由で読み込むように記述しておく。
A4: ```
A5: ${S3BucketRoot}
A6: ├─ resources
A7: │ ├─ v1
A8: │ │ └─ train.jpg
A9: │ └─ v2
A10: │ └─ train.jpg
A11: └─ index.html
A12: ```
A14: 2. Internet Explorer(以下IEと記述する)を起動して、「開発者ツール」を表示する。
A16: 3. 「開発者ツール」の「ネットワーク」タブを選択し、緑色の右向き矢印のボタン「ネットワークトラフィックのキャプチャを有効にする」を押す。
... A42: 10. IEの「開発者ツール」のネットワークタブの赤色の四角ボタン「ネットワークトラフィックのキャプチャを無効にする」を押す。「詳細」の「応答ヘッダ」で`index.html`の「X-Cache」を参照し、「X-Cache」の値が「Hit from cloudfront」になっていることを確認する。
