Workbook

Sheet 大中項目
A1: 機能ID | B1: PRCD | C1: 総件数
A2: 機能名 | B2: CDNを用いたプライベート配信 | C2: =COUNTIF(PRCD01!C9:C19, "*") -> 8
A4: 大項目ID | B4: 大項目 | C4: 中項目ID | D4: 中項目
A5: =IF(B5="","",($B$1&TEXT(IF(B5="","",COUNTA($B$5:B5)),"00"))) -> PRCD01 | B5: アクセス制限 | C5: =IF(B5="",($B$1&TEXT(IF(B5="",COUNTA($B$5:B5),1),"00")),A5)&IF(B5<>"",TEXT(1,"00"),TEXT(IF(A5<>"",1,RIGHT(C4,2)+1),"00")) -> PRCD0101 | D5: 署名による制限(Cookie)
A6: =IF(B6="","",($B$1&TEXT(IF(B6="","",COUNTA($B$5:B6)),"00"))) | C6: =IF(B6="",($B$1&TEXT(IF(B6="",COUNTA($B$5:B6),1),"00")),A6)&IF(B6<>"",TEXT(1,"00"),TEXT(IF(A6<>"",1,RIGHT(C5,2)+1),"00")) -> PRCD0102
A7: =IF(B7="","",($B$1&TEXT(IF(B7="","",COUNTA($B$5:B7)),"00"))) | C7: =IF(B7="",($B$1&TEXT(IF(B7="",COUNTA($B$5:B7),1),"00")),A7)&IF(B7<>"",TEXT(1,"00"),TEXT(IF(A7<>"",1,RIGHT(C6,2)+1),"00")) -> PRCD0103
A8: =IF(B8="","",($B$1&TEXT(IF(B8="","",COUNTA($B$5:B8)),"00"))) | C8: =IF(B8="",($B$1&TEXT(IF(B8="",COUNTA($B$5:B8),1),"00")),A8)&IF(B8<>"",TEXT(1,"00"),TEXT(IF(A8<>"",1,RIGHT(C7,2)+1),"00")) -> PRCD0104
A9: =IF(B9="","",($B$1&TEXT(IF(B9="","",COUNTA($B$5:B9)),"00"))) | C9: =IF(B9="",($B$1&TEXT(IF(B9="",COUNTA($B$5:B9),1),"00")),A9)&IF(B9<>"",TEXT(1,"00"),TEXT(IF(A9<>"",1,RIGHT(C8,2)+1),"00")) -> PRCD0105
A10: =IF(B10="","",($B$1&TEXT(IF(B10="","",COUNTA($B$5:B10)),"00"))) | C10: =IF(B10="",($B$1&TEXT(IF(B10="",COUNTA($B$5:B10),1),"00")),A10)&IF(B10<>"",TEXT(1,"00"),TEXT(IF(A10<>"",1,RIGHT(C9,2)+1),"00")) -> PRCD0106
A11: =IF(B11="","",($B$1&TEXT(IF(B11="","",COUNTA($B$5:B11)),"00"))) | C11: =IF(B11="",($B$1&TEXT(IF(B11="",COUNTA($B$5:B11),1),"00")),A11)&IF(B11<>"",TEXT(1,"00"),TEXT(IF(A11<>"",1,RIGHT(C10,2)+1),"00")) -> PRCD0107
A12: =IF(B12="","",($B$1&TEXT(IF(B12="","",COUNTA($B$5:B12)),"00"))) | C12: =IF(B12="",($B$1&TEXT(IF(B12="",COUNTA($B$5:B12),1),"00")),A12)&IF(B12<>"",TEXT(1,"00"),TEXT(IF(A12<>"",1,RIGHT(C11,2)+1),"00")) -> PRCD0108
A13: =IF(B13="","",($B$1&TEXT(IF(B13="","",COUNTA($B$5:B13)),"00"))) | C13: =IF(B13="",($B$1&TEXT(IF(B13="",COUNTA($B$5:B13),1),"00")),A13)&IF(B13<>"",TEXT(1,"00"),TEXT(IF(A13<>"",1,RIGHT(C12,2)+1),"00")) -> PRCD0109
A14: =IF(B14="","",($B$1&TEXT(IF(B14="","",COUNTA($B$5:B14)),"00"))) | C14: =IF(B14="",($B$1&TEXT(IF(B14="",COUNTA($B$5:B14),1),"00")),A14)&IF(B14<>"",TEXT(1,"00"),TEXT(IF(A14<>"",1,RIGHT(C13,2)+1),"00")) -> PRCD0110

Sheet PRCD01
A1: 試験項目表 | C1: 件数 | D1: 機能ID/機能名 | E1: 大項目ID/大項目名 | F1: 作成者/作成日 | G1: 更新者/更新日 | H1: レビュー実施者/ レビュー日
A2: 大中項目へ | C2: =COUNTA($D$9:$D$65505) -> 8 | D2: =大中項目!B1 -> PRCD | E2: =大中項目!A5 -> PRCD01
D3: =大中項目!B2 -> CDNを用いたプライベート配信 | E3: =大中項目!B5 -> アクセス制限
A5: 特記事項
A6: 特になし
A8: 中項目ID | B8: Case ID | C8: 分類 | D8: 試験項目 | E8: 試験条件 | F8: 試験条件詳細【事前条件】 | G8: 試験条件詳細【実施条件】 | H8: 確認内容 | I8: 確認方法
A9: =大中項目!C5 -> PRCD0101 | B9: =IF(A9<>"",1,INDIRECT(ADDRESS(ROW(B9)-1,COLUMN(B9),4))+1) -> 1 | C9: 正常 | D9: アクセス制限が設定されているCloudFront上のファイルにアクセスできないことを確認する | E9: 無償会員・署名付Cookie未保持 | F9: ・ディストリビューションのアクセス制限が適切に行われ、CloudFront上のファイルにアクセスできないこと ・プライベートキー、キーペアIDが有効であること | G9: 著名付Cookieが発行されないユーザでログインする。 | H9: ・CloudFront上のファイルにアクセスできないこと | I9: Selenium:○
B10: =IF(A10<>"",1,INDIRECT(ADDRESS(ROW(B10)-1,COLUMN(B10),4))+1) -> 2 | C10: 正常 | D10: 署名付きCookieの有効期限前で、アクセス制限が設定されているCloudFront上のファイルにアクセスできないことを確認する | E10: 有償会員・署名付Cookie保持＆ポリシーで指定した有効期限前 | F10: ・ディストリビューションのアクセス制限が適切に行われ、CloudFront上のファイルにアクセスできないこと ・プライベートキー、キーペアIDが有効であること | G10: 署名付Cookieが発行されるユーザでログインする。 ・カスタムポリシーを使用した署名付Cookieを作成しCloudFront上のファイルにアクセスできるようにする | H10: ・有効期限前のため、CloudFront上のファイルにアクセスできないこと | I10: Selenium:○
B11: =IF(A11<>"",1,INDIRECT(ADDRESS(ROW(B11)-1,COLUMN(B11),4))+1) -> 3 | C11: 正常 | D11: 署名付きCookieを利用して、アクセス制限が設定されているCloudFront上のファイルにアクセスできることを確認する | E11: 有償会員・署名付Cookie保持 | F11: ・ディストリビューションのアクセス制限が適切に行われ、CloudFront上のファイルにアクセスできないこと ・プライベートキー、キーペアIDが有効であること | G11: 署名付Cookieが発行されるユーザでログインする。 ・カスタムポリシーを使用した署名付Cookieを作成しCloudFront上のファイルにアクセスできるようにする | H11: ・CloudFront上のファイルにアクセスできること | I11: Selenium:○
B12: =IF(A12<>"",1,INDIRECT(ADDRESS(ROW(B12)-1,COLUMN(B12),4))+1) -> 4 | C12: 正常 | D12: 署名付きCookieの有効期限きれで、アクセス制限が設定されているCloudFront上のファイルにアクセスできないことを確認する | E12: 有償会員・署名付Cookie保持＆ポリシーで指定した有効期限切れ | F12: ・ディストリビューションのアクセス制限が適切に行われ、CloudFront上のファイルにアクセスできないこと ・プライベートキー、キーペアIDが有効であること | G12: 著名付Cookieが発行されるユーザでログインする。 ・カスタムポリシーを使用した署名付Cookieを作成しCloudFront上のファイルにアクセスできるようにする | H12: ・有効期限ぎれのため、CloudFront上のファイルにアクセスできないこと | I12: Selenium:○
B13: =IF(A13<>"",1,INDIRECT(ADDRESS(ROW(B13)-1,COLUMN(B13),4))+1) -> 5 | C13: 正常 | D13: 署名付きCookieを利用して、アクセス制限が設定されているCloudFront上のファイルに、ポリシーで指定したリソースの範囲外にあるファイルにアクセスできないことを確認する。 | E13: 有償会員・署名付Cookie保持 | F13: ・ディストリビューションのアクセス制限が適切に行われ、CloudFront上のファイルにアクセスできないこと ・プライベートキー、キーペアIDが有効であること | G13: 著名付Cookieが発行されるユーザでログインする。 ・カスタムポリシーを使用した署名付Cookieを作成しCloudFront上のファイルにアクセスできるようにする。 ・テスト対象とするファイルはポリシーのリソース指定範囲外にあるファイルにアクセスする。 | H13: ・カスタムポリシーで指定したリソース指定範囲外のファイルにアクセスできないこと | I13: Selenium:○
B14: =IF(A14<>"",1,INDIRECT(ADDRESS(ROW(B14)-1,COLUMN(B14),4))+1) -> 6 | C14: 正常 | D14: 署名付Cookieがログアウトして正常に削除されたことを確認するために署名付Cookie発行可能ユーザでログインして、ログアウト後に著名付Cookieが発行できないユーザで再度ログインして、ファイルにアクセスできないことを確認する。 | E14: 有償会員・署名付Cookie保持でログイン ログアウト 無償会員・署名付Cookie未保持でログイン | F14: ・ディストリビューションのアクセス制限が適切に行われ、CloudFront上のファイルにアクセスできないこと ・プライベートキー、キーペアIDが有効であること | G14: ・カスタムポリシーを使用した署名付Cookieを作成しCloudFront上のファイルにアクセスできるようにする ・著名付Cookieが発行されるユーザでログインする。 ・一度ログアウトする。 ・著名付Cookieが発行されないユーザでログインする。 | H14: ・署名付Cookieがログアウトで消されたことに因って、署名付Cookieを発行できないユーザで で再度ログインした際に、CloudFront上のファイルにアクセスできないことを確認する。 | I14: Selenium:○
B15: =IF(A15<>"",1,INDIRECT(ADDRESS(ROW(B15)-1,COLUMN(B15),4))+1) -> 7 | C15: 正常 | D15: 署名付Cookie削除がログアウトしないで再ログインした場合でも正常に削除されたことを確認するために署名付Cookie発行可能ユーザでログインして、ログアウトしないまま、著名付Cookieが発行できないユーザで再度ログインして、ファイルにアクセスできないことを確認する。 | E15: 有償会員・署名付Cookie保持でログイン ログアウトなしで無償会員・署名付Cookie未保持でログイン | F15: ・ディストリビューションのアクセス制限が適切に行われ、CloudFront上のファイルにアクセスできないこと ・プライベートキー、キーペアIDが有効であること | G15: ・カスタムポリシーを使用した署名付Cookieを作成しCloudFront上のファイルにアクセスできるようにする ・著名付Cookieが発行されるユーザでログインする。 ・ログアウトなしで署名付Cookie未保持でログインする。 | H15: ・署名付Cookieがログアウトで消されたことに因って、署名付Cookieを発行できないユーザで で再度ログインした際に、CloudFront上のファイルにアクセスできないことを確認する。 | I15: Selenium:○
B16: =IF(A16<>"",1,INDIRECT(ADDRESS(ROW(B16)-1,COLUMN(B16),4))+1) -> 8 | C16: 正常 | D16: 有償会員でも署名付きCookieが発行されないページにアクセスした際にCloudFront上のファイルにアクセスできるないことを確認する | E16: 有償会員・署名付Cookie未保持または保持していても期限切れで再発行が行われていない状態 | F16: ・ディストリビューションのアクセス制限が適切に行われ、CloudFront上のファイルにアクセスできないこと ・プライベートキー、キーペアIDが有効であること | G16: 署名付Cookieが発行されるユーザでログインする。 ・署名付Cookieが発行されないURLにアクセスする。 | H16: ・CloudFront上のファイルにアクセスできないこと | I16: Selenium:○
B17: =IF(A17<>"",1,INDIRECT(ADDRESS(ROW(B17)-1,COLUMN(B17),4))+1) -> 9
B18: =IF(A18<>"",1,INDIRECT(ADDRESS(ROW(B18)-1,COLUMN(B18),4))+1) -> 10
B19: =IF(A19<>"",1,INDIRECT(ADDRESS(ROW(B19)-1,COLUMN(B19),4))+1) -> 11
