Workbook

Sheet 大中項目
A1: 機能ID | B1: EVEM | C1: 総件数
A2: 機能名 | B2: 環境依存値の外部管理
A4: 大項目ID | B4: 大項目 | C4: 中項目ID | D4: 中項目
A5: =IF(B5="","",($B$1&TEXT(IF(B5="","",COUNTA($B$5:B5)),"00"))) -> EVEM01 | B5: Config Serverから環境依存値を取得できること | C5: =IF(B5="",($B$1&TEXT(IF(B5="",COUNTA($B$5:B5),1),"00")),A5)&IF(B5<>"",TEXT(1,"00"),TEXT(IF(A5<>"",1,RIGHT(C4,2)+1),"00")) -> EVEM0101 | D5: Git から環境依存値を取得できること
A6: =IF(B6="","",($B$1&TEXT(IF(B6="","",COUNTA($B$5:B6)),"00"))) | C6: =IF(B6="",($B$1&TEXT(IF(B6="",COUNTA($B$5:B6),1),"00")),A6)&IF(B6<>"",TEXT(1,"00"),TEXT(IF(A6<>"",1,RIGHT(C5,2)+1),"00")) -> EVEM0102 | D6: S3 から環境依存値を取得できること
A7: =IF(B7="","",($B$1&TEXT(IF(B7="","",COUNTA($B$5:B7)),"00"))) -> EVEM02 | B7: Spring Proｆileによってログ設定の切り替えができること | C7: =IF(B7="",($B$1&TEXT(IF(B7="",COUNTA($B$5:B7),1),"00")),A7)&IF(B7<>"",TEXT(1,"00"),TEXT(IF(A7<>"",1,RIGHT(C6,2)+1),"00")) -> EVEM0201 | D7: springProfileによってLogback設定ファイルの一部の設定を切り替えできること
A8: =IF(B8="","",($B$1&TEXT(IF(B8="","",COUNTA($B$5:B8)),"00"))) | C8: =IF(B8="",($B$1&TEXT(IF(B8="",COUNTA($B$5:B8),1),"00")),A8)&IF(B8<>"",TEXT(1,"00"),TEXT(IF(A8<>"",1,RIGHT(C7,2)+1),"00")) -> EVEM0202 | D8: springProfileによってLogback設定ファイルを全体を切り替えできること
A9: =IF(B9="","",($B$1&TEXT(IF(B9="","",COUNTA($B$5:B9)),"00"))) -> EVEM03 | B9: spring.cloud.config の設定値を反映できること | C9: =IF(B9="",($B$1&TEXT(IF(B9="",COUNTA($B$5:B9),1),"00")),A9)&IF(B9<>"",TEXT(1,"00"),TEXT(IF(A9<>"",1,RIGHT(C8,2)+1),"00")) -> EVEM0301 | D9: spring.cloud.config.fail-fastの設定を反映できること
A10: =IF(B10="","",($B$1&TEXT(IF(B10="","",COUNTA($B$5:B10)),"00"))) | C10: =IF(B10="",($B$1&TEXT(IF(B10="",COUNTA($B$5:B10),1),"00")),A10)&IF(B10<>"",TEXT(1,"00"),TEXT(IF(A10<>"",1,RIGHT(C9,2)+1),"00")) -> EVEM0302 | D10: spring.cloud.config.enabledの設定を反映できること

Sheet EVEM01
A1: 試験項目表 | C1: 件数 | D1: 機能ID/機能名 | E1: 大項目ID/大項目名 | F1: 作成者/作成日 | G1: 更新者/更新日 | H1: レビュー実施者/ レビュー日
A2: 大中項目へ | C2: =COUNTA($D$9:$D$65466) -> 2 | D2: =大中項目!B1 -> EVEM | E2: =大中項目!A5 -> EVEM01
D3: =大中項目!B2 -> 環境依存値の外部管理
A5: 特記事項
A6: 特になし
A8: 中項目ID | B8: Case ID | C8: 分類 | D8: 試験項目 | E8: 試験条件 | F8: 試験条件詳細【事前条件】 | G8: 試験条件詳細【実施条件】 | H8: 確認内容 | I8: 確認方法
A9: =大中項目!C5 -> EVEM0101 | B9: =IF(A9<>"",1,INDIRECT(ADDRESS(ROW(B9)-1,COLUMN(B9),4))+1) -> 1 | C9: 正常 | D9: Git から環境依存値を取得し、画面に表示できること | E9: Config Serverで設定したGit Server上にプロパティファイルが有ること | H9: 画面にConfig Serverから取得した、Postgresへの接続情報が表示されていること | I9: Selenium:○
A10: =大中項目!C6 -> EVEM0102 | B10: =IF(A10<>"",1,INDIRECT(ADDRESS(ROW(B10)-1,COLUMN(B10),4))+1) -> 1 | C10: 正常 | D10: S3 から環境依存値を取得し、画面に表示できること | E10: Config Serverで設定したS3上にプロパティファイルが有ること | H10: 画面にConfig Serverから取得した、S3の情報が表示されていること | I10: Selenium:○

Sheet EVEM02
A1: 試験項目表 | C1: 件数 | D1: 機能ID/機能名 | E1: 大項目ID/大項目名 | F1: 作成者/作成日 | G1: 更新者/更新日 | H1: レビュー実施者/ レビュー日
A2: 大中項目へ | C2: =COUNTA($D$9:$D$65467) -> 4 | D2: =大中項目!B1 -> EVEM | E2: =大中項目!A7 -> EVEM02
D3: =大中項目!B2 -> 環境依存値の外部管理
A5: 特記事項
A6: 特になし
A8: 中項目ID | B8: Case ID | C8: 分類 | D8: 試験項目 | E8: 試験条件 | F8: 試験条件詳細【事前条件】 | G8: 試験条件詳細【実施条件】 | H8: 確認内容 | I8: 確認方法
A9: =大中項目!C7 -> EVEM0201 | B9: =IF(A9<>"",1,INDIRECT(ADDRESS(ROW(B9)-1,COLUMN(B9),4))+1) -> 1 | C9: 正常 | D9: springProfileによってLogback設定ファイルの一部の設定を切り替え、info以上のログが出力されていること。 | E9: ・ガイドライン の「3.8. 環境依存値の外部管理」の外部管理の「環境依存値の利用方法」まで実装していること。 ・logback-spring.xmlをクラスパス直下に配置すること。 ・logback-spring.xmlファイルのなかで、springProfileによってログ設定を切り替えていること。 | G9: 1.「macchinetta-cloud-functionaltest」の「evem-config-log-part」フォルダで、コンソールで「mvn spring-boot:run -P loginfo」コマンドを叩く。 2.APが起動したら、「http://localhost:8888/」にアクセスする。 | H9: 以下のログが出力されていること ・「level:WARN logger:jp.co.ntt.cloud.functionaltest.app.OutputLog message :this is logging filter! WARN logging!」 ・「level:INFO logger:j.c.n.cloud.functionaltest.config.LoggingFilter message :this is logging filter! INFO logging!」 | I9: 手動実行
B10: =IF(A10<>"",1,INDIRECT(ADDRESS(ROW(B10)-1,COLUMN(B10),4))+1) -> 2 | C10: 正常 | D10: springProfileによってLogback設定ファイルの一部の設定を切り替え、warn以上のログが出力されていること。 | E10: ・ガイドライン の「3.8. 環境依存値の外部管理」の外部管理の「環境依存値の利用方法」まで実装していること。 ・logback-spring.xmlをクラスパス直下に配置すること。 ・logback-spring.xmlファイルのなかで、springProfileによってログ設定を切り替えていること。 | G10: 1.「macchinetta-cloud-functionaltest」の「evem-config-log-part」フォルダで、コンソールで「mvn spring-boot:run -P logwarn」コマンドを叩く。 2.APが起動したら、「http://localhost:8888/」にアクセスする。 | H10: 以下のログが出力されていること ・「level:WARN logger:jp.co.ntt.cloud.functionaltest.app.OutputLog message :this is logging filter! WARN logging!」 以下のログが出力されていないこと ・「level:INFO logger:j.c.n.cloud.functionaltest.config.LoggingFilter message :this is logging filter! INFO logging!」 | I10: 手動実行
A11: =大中項目!C8 -> EVEM0202 | B11: =IF(A11<>"",1,INDIRECT(ADDRESS(ROW(B11)-1,COLUMN(B11),4))+1) -> 1 | C11: 正常 | D11: springProfileによってLogback設定ファイルを全体を切り替え、info以上のログが出力されていること。 | E11: ・ガイドライン の「3.8. 環境依存値の外部管理」の「環境依存値の利用方法」まで実装していること。 ・logback-spring.xml,logback-development-logger.xml,logback-production-logger.xmlをクラスパス直下に配置すること。 ・logback-spring.xmlファイルのなかで、springProfileのincludeを使用してログ設定のファイル全体を切り替えていること。 | G11: 1.「macchinetta-cloud-functionaltest」の「evem-config-log-overall」フォルダで、コンソールで「mvn spring-boot:run -P logwarn」コマンドを叩く。 2.APが起動したら、「http://localhost:8888/」にアクセスする。 | H11: 以下のログが出力されていること ・「level:WARN logger:jp.co.ntt.cloud.functionaltest.app.OutputLog message :this is logging filter! WARN logging!」 ・「level:INFO logger:j.c.n.cloud.functionaltest.config.LoggingFilter message :this is logging filter! INFO logging!」 | I11: 手動実行
B12: =IF(A12<>"",1,INDIRECT(ADDRESS(ROW(B12)-1,COLUMN(B12),4))+1) -> 2 | C12: 正常 | D12: springProfileによってLogback設定ファイルを全体を切り替え、warn以上のログが出力されていること。 | E12: ・ガイドライン の「3.8. 環境依存値の外部管理」の「環境依存値の利用方法」まで実装していること。 ・logback-spring.xml,logback-development-logger.xml,logback-production-logger.xmlをクラスパス直下に配置すること。 ・logback-spring.xmlファイルのなかで、springProfileのincludeを使用してログ設定のファイル全体を切り替えていること。 | G12: 1.「macchinetta-cloud-functionaltest」の「evem-config-log-overall」フォルダで、コンソールで「mvn spring-boot:run -P logwarn」コマンドを叩く。 2.APが起動したら、「http://localhost:8888/」にアクセスする。 | H12: 以下のログが出力されていること ・「level:WARN logger:jp.co.ntt.cloud.functionaltest.app.OutputLog message :this is logging filter! WARN logging!」 以下のログが出力されていないこと ・「level:INFO logger:j.c.n.cloud.functionaltest.config.LoggingFilter message :this is logging filter! INFO logging!」 | I12: 手動実行

Sheet EVEM03
A1: 試験項目表 | C1: 件数 | D1: 機能ID/機能名 | E1: 大項目ID/大項目名 | F1: 作成者/作成日 | G1: 更新者/更新日 | H1: レビュー実施者/ レビュー日
A2: 大中項目へ | C2: =COUNTA($D$9:$D$65467) -> 3 | D2: =大中項目!B1 -> EVEM | E2: =大中項目!A9 -> EVEM03
D3: =大中項目!B2 -> 環境依存値の外部管理
A5: 特記事項
A6: 特になし
A8: 中項目ID | B8: Case ID | C8: 分類 | D8: 試験項目 | E8: 試験条件 | F8: 試験条件詳細【事前条件】 | G8: 試験条件詳細【実施条件】 | H8: 確認内容 | I8: 確認方法
A9: =大中項目!C9 -> EVEM0301 | B9: =IF(A9<>"",1,INDIRECT(ADDRESS(ROW(B9)-1,COLUMN(B9),4))+1) -> 1 | C9: 正常 | D9: spring.cloud.config.fail-fastの設定がfalseの時、クライアントAPがConfig Server無しで起動できること | E9: ・クライアントAP内にプロパティファイルが存在すること ・クライアントAPがConfig Serverと通信できない状態にすること ・spring.cloud.enabledが true であること | H9: 画面にクライアントAP内のプロパティファイルから取得した、S3の情報が表示されていること | I9: Selenium:○
B10: =IF(A10<>"",1,INDIRECT(ADDRESS(ROW(B10)-1,COLUMN(B10),4))+1) -> 2 | C10: サーバーエラー | D10: spring.cloud.config.fail-fastの設定がtrueの時、クライアントAPが起動に失敗すること。 | E10: ・クライアントAP内にプロパティファイルが存在すること ・クライアントAPがConfig Serverと通信できない状態にすること ・spring.cloud.enabledが true であること | G10: 「macchinetta-cloud-functionaltest\evem-failfast-true-boot-fail」にて「mvn clean install」コマンドを実行する。 | H10: クライアントAPが起動に失敗していること | I10: 手動実行
A11: =大中項目!C10 -> EVEM0302 | B11: =IF(A11<>"",1,INDIRECT(ADDRESS(ROW(B11)-1,COLUMN(B11),4))+1) -> 1 | C11: 正常 | D11: spring.cloud.config.enabledの設定がfalseの時、クライアントAPがConfig Server無しで起動できること | E11: クライアントAP内にプロパティファイルが存在すること | H11: 画面にクライアントAP内のプロパティファイルから取得した、S3の情報が表示されていること | I11: Selenium:○
