Workbook

Sheet 大中項目
A1: 機能ID | B1: DTSH | C1: 総件数
A2: 機能名 | B2: データベースシャーディング | C2: =SUM(DTSH01!C2,DTSH02!C2,DTSH03!C2) -> 18
A4: 大項目ID | B4: 大項目 | C4: 中項目ID | D4: 中項目
A5: DTSH01 | B5: Serviceクラスの引数が1つのメソッドに@ShardWithAccountを付与し、CRUD処理時にシャーディングしていること | C5: =IF(B5="",($B$1&TEXT(IF(B5="",COUNTA($B$5:B5),1),"00")),A5)&IF(B5<>"",TEXT(1,"00"),TEXT(IF(A5<>"",1,RIGHT(C4,2)+1),"00")) -> DTSH0101 | D5: 引数が1つのメソッドに@ShardWithAccountを付与し、DBにシャーディングして書き込みができることを確認する。
A6: =IF(B6="","",($B$1&TEXT(IF(B6="","",COUNTA($B$5:B6)),"00"))) | C6: =IF(B6="",($B$1&TEXT(IF(B6="",COUNTA($B$5:B6),1),"00")),A6)&IF(B6<>"",TEXT(1,"00"),TEXT(IF(A6<>"",1,RIGHT(C5,2)+1),"00")) -> DTSH0102 | D6: 引数が1つのメソッドに@ShardWithAccountを付与し、シャーディングしたDBにて読み込みができることを確認する。
A7: =IF(B7="","",($B$1&TEXT(IF(B7="","",COUNTA($B$5:B7)),"00"))) | C7: =IF(B7="",($B$1&TEXT(IF(B7="",COUNTA($B$5:B7),1),"00")),A7)&IF(B7<>"",TEXT(1,"00"),TEXT(IF(A7<>"",1,RIGHT(C6,2)+1),"00")) -> DTSH0103 | D7: 引数が1つのメソッドに@ShardWithAccountを付与し、シャーディングしたDBにて更新ができることを確認する。
A8: =IF(B8="","",($B$1&TEXT(IF(B8="","",COUNTA($B$5:B8)),"00"))) | C8: =IF(B8="",($B$1&TEXT(IF(B8="",COUNTA($B$5:B8),1),"00")),A8)&IF(B8<>"",TEXT(1,"00"),TEXT(IF(A8<>"",1,RIGHT(C7,2)+1),"00")) -> DTSH0104 | D8: 引数が1つのメソッドに@ShardWithAccountを付与し、シャーディングしたDBにて削除ができることを確認する。
A9: =IF(B9="","",($B$1&TEXT(IF(B9="","",COUNTA($B$5:B9)),"00"))) -> DTSH02 | B9: Serviceクラスの引数が2つのメソッドに@ShardWithAccount、シャーディング対象となる引数に@ShardAccountを付与し、CRUD処理時にシャーディングしていること | C9: =IF(B9="",($B$1&TEXT(IF(B9="",COUNTA($B$5:B9),1),"00")),A9)&IF(B9<>"",TEXT(1,"00"),TEXT(IF(A9<>"",1,RIGHT(C8,2)+1),"00")) -> DTSH0201 | D9: 引数が2つのメソッドに@ShardWithAccount、シャーディング対象となる引数に@ShardAccountを付与し、DBにシャーディングして書き込みができることを確認する。
A10: =IF(B10="","",($B$1&TEXT(IF(B10="","",COUNTA($B$5:B10)),"00"))) | C10: =IF(B10="",($B$1&TEXT(IF(B10="",COUNTA($B$5:B10),1),"00")),A10)&IF(B10<>"",TEXT(1,"00"),TEXT(IF(A10<>"",1,RIGHT(C9,2)+1),"00")) -> DTSH0202 | D10: 引数が2つのメソッドに@ShardWithAccount、シャーディング対象となる引数に@ShardAccountを付与し、シャーディングしたDBにて読み込みができることを確認する。
A11: =IF(B11="","",($B$1&TEXT(IF(B11="","",COUNTA($B$5:B11)),"00"))) | C11: =IF(B11="",($B$1&TEXT(IF(B11="",COUNTA($B$5:B11),1),"00")),A11)&IF(B11<>"",TEXT(1,"00"),TEXT(IF(A11<>"",1,RIGHT(C10,2)+1),"00")) -> DTSH0203 | D11: 引数が2つのメソッドに@ShardWithAccount、シャーディング対象となる引数に@ShardAccountを付与し、シャーディングしたDBにて更新ができることを確認する。
A12: =IF(B12="","",($B$1&TEXT(IF(B12="","",COUNTA($B$5:B12)),"00"))) | C12: =IF(B12="",($B$1&TEXT(IF(B12="",COUNTA($B$5:B12),1),"00")),A12)&IF(B12<>"",TEXT(1,"00"),TEXT(IF(A12<>"",1,RIGHT(C11,2)+1),"00")) -> DTSH0204 | D12: 引数が2つのメソッドに@ShardWithAccount、シャーディング対象となる引数に@ShardAccountを付与し、シャーディングしたDBにて削除ができることを確認する。
A13: =IF(B13="","",($B$1&TEXT(IF(B13="","",COUNTA($B$5:B13)),"00"))) -> DTSH03 | B13: Serviceクラスの@ShardWithAccountが付与されていないメソッドで、シャーディングせずに、デフォルトDBにてCRUD処理を行っていること | C13: =IF(B13="",($B$1&TEXT(IF(B13="",COUNTA($B$5:B13),1),"00")),A13)&IF(B13<>"",TEXT(1,"00"),TEXT(IF(A13<>"",1,RIGHT(C12,2)+1),"00")) -> DTSH0301 | D13: デフォルトDBにて書き込みできること
A14: =IF(B14="","",($B$1&TEXT(IF(B14="","",COUNTA($B$5:B14)),"00"))) | C14: =IF(B14="",($B$1&TEXT(IF(B14="",COUNTA($B$5:B14),1),"00")),A14)&IF(B14<>"",TEXT(1,"00"),TEXT(IF(A14<>"",1,RIGHT(C13,2)+1),"00")) -> DTSH0302 | D14: デフォルトDBにて読み込みができること
A15: =IF(B15="","",($B$1&TEXT(IF(B15="","",COUNTA($B$5:B15)),"00"))) | C15: =IF(B15="",($B$1&TEXT(IF(B15="",COUNTA($B$5:B15),1),"00")),A15)&IF(B15<>"",TEXT(1,"00"),TEXT(IF(A15<>"",1,RIGHT(C14,2)+1),"00")) -> DTSH0303 | D15: デフォルトDBにて更新ができること
A16: =IF(B16="","",($B$1&TEXT(IF(B16="","",COUNTA($B$5:B16)),"00"))) | C16: =IF(B16="",($B$1&TEXT(IF(B16="",COUNTA($B$5:B16),1),"00")),A16)&IF(B16<>"",TEXT(1,"00"),TEXT(IF(A16<>"",1,RIGHT(C15,2)+1),"00")) -> DTSH0304 | D16: デフォルトDBにて削除ができること
A17: =IF(B17="","",($B$1&TEXT(IF(B17="","",COUNTA($B$5:B17)),"00"))) -> DTSH04 | B17: Serviceクラスの引数がないメソッドに@ShardWithAccountを付与し、デフォルトDBにアクセスすること | C17: =IF(B17="",($B$1&TEXT(IF(B17="",COUNTA($B$5:B17),1),"00")),A17)&IF(B17<>"",TEXT(1,"00"),TEXT(IF(A17<>"",1,RIGHT(C16,2)+1),"00")) -> DTSH0401 | D17: Serviceクラスの引数がないメソッドに@ShardWithAccountを付与し、デフォルトDBに削除ができること

Sheet DTSH01
A1: 試験項目表 | C1: 件数 | D1: 機能ID/機能名 | E1: 大項目ID/大項目名 | F1: 作成者/作成日 | G1: 更新者/更新日 | H1: レビュー実施者/ レビュー日
A2: 大中項目へ | C2: =COUNTA($D$9:$D$65505) -> 7 | D2: =大中項目!B1 -> DTSH | E2: =大中項目!A5 -> DTSH01 | F2: 小松原 健
D3: =大中項目!B2 -> データベースシャーディング | E3: =大中項目!B5 -> Serviceクラスの引数が1つのメソッドに@ShardWithAccountを付与し、CRUD処理時にシャーディングしていること | F3: 43031
A5: 特記事項
A6: 特になし
A8: 中項目ID | B8: Case ID | C8: 分類 | D8: 試験項目 | E8: 試験条件 | F8: 試験条件詳細【事前条件】 | G8: 試験条件詳細【実施条件】 | H8: 確認内容 | I8: 確認方法
A9: =大中項目!C5 -> DTSH0101 | B9: =IF(A9<>"",1,INDIRECT(ADDRESS(ROW(B9)-1,COLUMN(B9),4))+1) -> 1 | C9: 正常 | D9: 引数が1つのメソッドに@ShardWithAccountを付与し、DBにシャーディングして、会員番号が0000000001～0000000004となっている予約情報を各1件づつ登録できることを確認する。 | E9: ・シャード用DBが作成されていること ・DynamoDBにシャードキー解決用のテーブルがあること | F9: PostgreSQL(user:postgres, username:postgres)に以下のDBが存在すること functionaltest functionaltest_shard1 functionaltest_shard2 DynamoDBに以下のテーブルが存在すること functionaltestShardAccount | H9: ・functionaltest_shard1のRESERVATIONテーブルのREP_CUSTOMER_NOカラムが、偶数のみであること ・functionaltest_shard2のRESERVATIONテーブルのREP_CUSTOMER_NOカラムが、奇数のみであること | I9: JUnit:○
A10: =大中項目!C6 -> DTSH0102 | B10: =IF(A10<>"",1,INDIRECT(ADDRESS(ROW(B10)-1,COLUMN(B10),4))+1) -> 1 | C10: 正常 | D10: 引数が1つのメソッドに@ShardWithAccountを付与し、シャーディングしたDBにて、予約番号が偶数の予約情報を1つ指定し、予約情報を読み込めることを確認する。 | E10: ・シャード用DBが作成されていること ・DynamoDBにシャードキー解決用のテーブルがあること | F10: PostgreSQL(user:postgres, username:postgres)に以下のテーブルが存在すること functionaltest functionaltest_shard1 functionaltest_shard2 DynamoDBに以下のテーブルが存在すること functionaltestShardAccount | G10: functionaltest_shard1のRESERVATIONテーブルのREP_CUSTOMER_NOカラムが、偶数となっている予約情報が1件以上あること | H10: ・予約番号が偶数の予約情報を1つ指定したときに、予約情報をfunctionaltest_shard1のRESERVATIONテーブルから取得できること。 | I10: JUnit:○
B11: =IF(A11<>"",1,INDIRECT(ADDRESS(ROW(B11)-1,COLUMN(B11),4))+1) -> 2 | C11: 正常 | D11: 引数が1つのメソッドに@ShardWithAccountを付与し、シャーディングしたDBにて、予約番号が奇数の予約情報を1つ指定し、予約情報を読み込めることを確認する。 | E11: ・シャード用DBが作成されていること ・DynamoDBにシャードキー解決用のテーブルがあること | F11: PostgreSQL(user:postgres, username:postgres)に以下のテーブルが存在すること functionaltest functionaltest_shard1 functionaltest_shard2 DynamoDBに以下のテーブルが存在すること functionaltestShardAccount | G11: functionaltest_shard2のRESERVATIONテーブルのREP_CUSTOMER_NOカラムが、奇数となっている予約情報が1件以上あること | H11: ・予約番号が奇数の予約情報を1つ指定したときに、予約情報をfunctionaltest_shard2のRESERVATIONテーブルから取得できること。 | I11: JUnit:○
A12: =大中項目!C7 -> DTSH0103 | B12: =IF(A12<>"",1,INDIRECT(ADDRESS(ROW(B12)-1,COLUMN(B12),4))+1) -> 1 | C12: 正常 | D12: 引数が1つのメソッドに@ShardWithAccountを付与し、シャーディングしたDBにて予約番号が偶数の予約情報を1つ指定し、予約情報の更新ができることを確認する。 | E12: ・シャード用DBが作成されていること ・DynamoDBにシャードキー解決用のテーブルがあること | F12: PostgreSQL(user:postgres, username:postgres)に以下のテーブルが存在すること functionaltest functionaltest_shard1 functionaltest_shard2 DynamoDBに以下のテーブルが存在すること functionaltestShardAccount | G12: functionaltest_shard1のRESERVATIONテーブルのREP_CUSTOMER_NOカラムが、偶数となっている予約情報が1件以上あること | H12: ・予約番号が偶数の予約情報を1つ指定したときに、更新後の予約情報をfunctionaltest_shard1のRESERVATIONテーブルから取得できること。 | I12: JUnit:○
B13: =IF(A13<>"",1,INDIRECT(ADDRESS(ROW(B13)-1,COLUMN(B13),4))+1) -> 2 | C13: 正常 | D13: 引数が1つのメソッドに@ShardWithAccountを付与し、シャーディングしたDBにて、予約番号が奇数の予約情報を1つ指定し、予約情報の更新ができることを確認する。 | E13: ・シャード用DBが作成されていること ・DynamoDBにシャードキー解決用のテーブルがあること | F13: PostgreSQL(user:postgres, username:postgres)に以下のテーブルが存在すること functionaltest functionaltest_shard1 functionaltest_shard2 DynamoDBに以下のテーブルが存在すること functionaltestShardAccount | G13: functionaltest_shard2のRESERVATIONテーブルのREP_CUSTOMER_NOカラムが、奇数となっている予約情報が1件以上あること | H13: ・予約番号が奇数の予約情報を1つ指定したときに、更新後の予約情報をfunctionaltest_shard2のRESERVATIONテーブルから取得できること。 | I13: JUnit:○
A14: =大中項目!C8 -> DTSH0104 | B14: =IF(A14<>"",1,INDIRECT(ADDRESS(ROW(B14)-1,COLUMN(B14),4))+1) -> 1 | C14: 正常 | D14: 引数が1つのメソッドに@ShardWithAccountを付与し、シャーディングしたDBにて。予約番号が偶数の予約情報を1つ指定し、予約情報の削除ができることを確認する。 | E14: ・シャード用DBが作成されていること ・DynamoDBにシャードキー解決用のテーブルがあること | F14: PostgreSQL(user:postgres, username:postgres)に以下のテーブルが存在すること functionaltest functionaltest_shard1 functionaltest_shard2 DynamoDBに以下のテーブルが存在すること functionaltestShardAccount | G14: functionaltest_shard1のRESERVATIONテーブルのREP_CUSTOMER_NOカラムが、偶数となっている予約情報が1件以上あること | H14: ・functionaltest_shard1のRESERVATIONテーブルに削除した予約情報が存在しないこと ・functionaltest_shard2のRESERVATIONテーブルに削除した予約情報が存在しないこと | I14: JUnit:○
B15: =IF(A15<>"",1,INDIRECT(ADDRESS(ROW(B15)-1,COLUMN(B15),4))+1) -> 2 | C15: 正常 | D15: 引数が1つのメソッドに@ShardWithAccountを付与し、シャーディングしたDBにて、予約番号が奇数の予約情報を1つ指定し、予約情報の削除ができることを確認する。 | E15: ・シャード用DBが作成されていること ・DynamoDBにシャードキー解決用のテーブルがあること | F15: PostgreSQL(user:postgres, username:postgres)に以下のテーブルが存在すること functionaltest functionaltest_shard1 functionaltest_shard2 DynamoDBに以下のテーブルが存在すること functionaltestShardAccount | G15: functionaltest_shard2のRESERVATIONテーブルのREP_CUSTOMER_NOカラムが、奇数となっている予約情報が1件以上あること | H15: ・functionaltest_shard1のRESERVATIONテーブルに削除した予約情報が存在しないこと ・functionaltest_shard2のRESERVATIONテーブルに削除した予約情報が存在しないこと | I15: JUnit:○
B16: =IF(A16<>"",1,INDIRECT(ADDRESS(ROW(B16)-1,COLUMN(B16),4))+1) -> 3
B17: =IF(A17<>"",1,INDIRECT(ADDRESS(ROW(B17)-1,COLUMN(B17),4))+1) -> 4
B18: =IF(A18<>"",1,INDIRECT(ADDRESS(ROW(B18)-1,COLUMN(B18),4))+1) -> 5
B19: =IF(A19<>"",1,INDIRECT(ADDRESS(ROW(B19)-1,COLUMN(B19),4))+1) -> 6

Sheet DTSH02
A1: 試験項目表 | C1: 件数 | D1: 機能ID/機能名 | E1: 大項目ID/大項目名 | F1: 作成者/作成日 | G1: 更新者/更新日 | H1: レビュー実施者/ レビュー日
A2: 大中項目へ | C2: =COUNTA($D$9:$D$65505) -> 7 | D2: =大中項目!B1 -> DTSH | E2: =大中項目!A9 -> DTSH02 | F2: 小松原 健
D3: =大中項目!B2 -> データベースシャーディング | E3: =大中項目!B9 -> Serviceクラスの引数が2つのメソッドに@ShardWithAccount、シャーディング対象となる引数に@ShardAccountを付与し、CRUD処理時にシャーディングしていること | F3: 43031
A5: 特記事項
A6: 特になし
A8: 中項目ID | B8: Case ID | C8: 分類 | D8: 試験項目 | E8: 試験条件 | F8: 試験条件詳細【事前条件】 | G8: 試験条件詳細【実施条件】 | H8: 確認内容 | I8: 確認方法
A9: =大中項目!C9 -> DTSH0201 | B9: =IF(A9<>"",1,INDIRECT(ADDRESS(ROW(B9)-1,COLUMN(B9),4))+1) -> 1 | C9: 正常 | D9: 引数が2つのメソッドに@ShardWithAccount、シャーディング対象となる引数に@ShardAccountを付与し、DBにシャーディングして会員番号が0000000001～0000000004となっている予約情報を各1件づつ登録できることを確認する。 | E9: ・シャード用DBが作成されていること ・DynamoDBにシャードキー解決用のテーブルがあること | F9: PostgreSQL(user:postgres, username:postgres)に以下のDBが存在すること functionaltest functionaltest_shard1 functionaltest_shard2 DynamoDBに以下のテーブルが存在すること functionaltestShardAccount | H9: ・functionaltest_shard1のRESERVATIONテーブルのREP_CUSTOMER_NOカラムが、偶数のみであること ・functionaltest_shard2のRESERVATIONテーブルのREP_CUSTOMER_NOカラムが、奇数のみであること | I9: JUnit:○
A10: =大中項目!C10 -> DTSH0202 | B10: =IF(A10<>"",1,INDIRECT(ADDRESS(ROW(B10)-1,COLUMN(B10),4))+1) -> 1 | C10: 正常 | D10: 引数が2つのメソッドに@ShardWithAccount、シャーディング対象となる引数に@ShardAccountを付与し、シャーディングしたDBにて、予約番号が偶数の予約情報を1つ指定し読み込みができることを確認する。 | E10: ・シャード用DBが作成されていること ・DynamoDBにシャードキー解決用のテーブルがあること | F10: PostgreSQL(user:postgres, username:postgres)に以下のテーブルが存在すること functionaltest functionaltest_shard1 functionaltest_shard2 DynamoDBに以下のテーブルが存在すること functionaltestShardAccount | G10: functionaltest_shard1のRESERVATIONテーブルのREP_CUSTOMER_NOカラムが、偶数となっている予約情報が1件以上あること | H10: ・予約番号が偶数の予約情報を1つ指定したときに、予約情報をfunctionaltest_shard1のRESERVATIONテーブルから取得できること。 | I10: JUnit:○
B11: =IF(A11<>"",1,INDIRECT(ADDRESS(ROW(B11)-1,COLUMN(B11),4))+1) -> 2 | C11: 正常 | D11: 引数が2つのメソッドに@ShardWithAccount、シャーディング対象となる引数に@ShardAccountを付与し、シャーディングしたDBにて、予約番号が奇数の予約情報を1つ指定し、読み込みができることを確認する。 | E11: ・シャード用DBが作成されていること ・DynamoDBにシャードキー解決用のテーブルがあること | F11: PostgreSQL(user:postgres, username:postgres)に以下のテーブルが存在すること functionaltest functionaltest_shard1 functionaltest_shard2 DynamoDBに以下のテーブルが存在すること functionaltestShardAccount | G11: functionaltest_shard2のRESERVATIONテーブルのREP_CUSTOMER_NOカラムが、奇数となっている予約情報が1件以上あること | H11: ・予約番号が奇数の予約情報を1つ指定したときに、予約情報をfunctionaltest_shard2のRESERVATIONテーブルから取得できること。 | I11: JUnit:○
A12: =大中項目!C11 -> DTSH0203 | B12: =IF(A12<>"",1,INDIRECT(ADDRESS(ROW(B12)-1,COLUMN(B12),4))+1) -> 1 | C12: 正常 | D12: 引数が2つのメソッドに@ShardWithAccount、シャーディング対象となる引数に@ShardAccountを付与し、シャーディングしたDBにて、予約番号が偶数の予約情報を1つ指定し、更新ができることを確認する。 | E12: ・シャード用DBが作成されていること ・DynamoDBにシャードキー解決用のテーブルがあること | F12: PostgreSQL(user:postgres, username:postgres)に以下のテーブルが存在すること functionaltest functionaltest_shard1 functionaltest_shard2 DynamoDBに以下のテーブルが存在すること functionaltestShardAccount | G12: functionaltest_shard1のRESERVATIONテーブルのREP_CUSTOMER_NOカラムが、偶数となっている予約情報が1件以上あること | H12: ・予約番号が偶数の予約情報を1つ指定したときに、更新後の予約情報をfunctionaltest_shard1のRESERVATIONテーブルから取得できること。 | I12: JUnit:○
B13: =IF(A13<>"",1,INDIRECT(ADDRESS(ROW(B13)-1,COLUMN(B13),4))+1) -> 2 | C13: 正常 | D13: 引数が2つのメソッドに@ShardWithAccount、シャーディング対象となる引数に@ShardAccountを付与し、シャーディングしたDBにて、予約番号が奇数の予約情報を1つ指定し、更新ができることを確認する。 | E13: ・シャード用DBが作成されていること ・DynamoDBにシャードキー解決用のテーブルがあること | F13: PostgreSQL(user:postgres, username:postgres)に以下のテーブルが存在すること functionaltest functionaltest_shard1 functionaltest_shard2 DynamoDBに以下のテーブルが存在すること functionaltestShardAccount | G13: functionaltest_shard2のRESERVATIONテーブルのREP_CUSTOMER_NOカラムが、奇数となっている予約情報が1件以上あること | H13: ・予約番号が奇数の予約情報を1つ指定したときに、更新後の予約情報をfunctionaltest_shard2のRESERVATIONテーブルから取得できること。 | I13: JUnit:○
A14: =大中項目!C12 -> DTSH0204 | B14: =IF(A14<>"",1,INDIRECT(ADDRESS(ROW(B14)-1,COLUMN(B14),4))+1) -> 1 | D14: 引数が2つのメソッドに@ShardWithAccount、シャーディング対象となる引数に@ShardAccountを付与し、シャーディングしたDBにて、予約番号が偶数の予約情報を1つ指定し、削除ができることを確認する。 | E14: ・シャード用DBが作成されていること ・DynamoDBにシャードキー解決用のテーブルがあること | F14: PostgreSQL(user:postgres, username:postgres)に以下のテーブルが存在すること functionaltest functionaltest_shard1 functionaltest_shard2 DynamoDBに以下のテーブルが存在すること functionaltestShardAccount | G14: functionaltest_shard1のRESERVATIONテーブルのREP_CUSTOMER_NOカラムが、偶数となっている予約情報が1件以上あること | H14: ・functionaltest_shard1のRESERVATIONテーブルに削除した予約情報が存在しないこと ・functionaltest_shard2のRESERVATIONテーブルに削除した予約情報が存在しないこと | I14: JUnit:○
B15: =IF(A15<>"",1,INDIRECT(ADDRESS(ROW(B15)-1,COLUMN(B15),4))+1) -> 2 | D15: 引数が2つのメソッドに@ShardWithAccount、シャーディング対象となる引数に@ShardAccountを付与し、シャーディングしたDBにて、予約番号が奇数の予約情報を1つ指定し、削除ができることを確認する。 | E15: ・シャード用DBが作成されていること ・DynamoDBにシャードキー解決用のテーブルがあること | F15: PostgreSQL(user:postgres, username:postgres)に以下のテーブルが存在すること functionaltest functionaltest_shard1 functionaltest_shard2 DynamoDBに以下のテーブルが存在すること functionaltestShardAccount | G15: functionaltest_shard2のRESERVATIONテーブルのREP_CUSTOMER_NOカラムが、奇数となっている予約情報が1件以上あること | H15: ・functionaltest_shard1のRESERVATIONテーブルに削除した予約情報が存在しないこと ・functionaltest_shard2のRESERVATIONテーブルに削除した予約情報が存在しないこと | I15: JUnit:○
B16: =IF(A16<>"",1,INDIRECT(ADDRESS(ROW(B16)-1,COLUMN(B16),4))+1) -> 3
B17: =IF(A17<>"",1,INDIRECT(ADDRESS(ROW(B17)-1,COLUMN(B17),4))+1) -> 4
B18: =IF(A18<>"",1,INDIRECT(ADDRESS(ROW(B18)-1,COLUMN(B18),4))+1) -> 5
B19: =IF(A19<>"",1,INDIRECT(ADDRESS(ROW(B19)-1,COLUMN(B19),4))+1) -> 6

Sheet DTSH03
A1: 試験項目表 | C1: 件数 | D1: 機能ID/機能名 | E1: 大項目ID/大項目名 | F1: 作成者/作成日 | G1: 更新者/更新日 | H1: レビュー実施者/ レビュー日
A2: 大中項目へ | C2: =COUNTA($D$9:$D$65505) -> 4 | D2: =大中項目!B1 -> DTSH | E2: =大中項目!A13 -> DTSH03 | F2: 小松原 健
D3: =大中項目!B2 -> データベースシャーディング | E3: =大中項目!B13 -> Serviceクラスの@ShardWithAccountが付与されていないメソッドで、シャーディングせずに、デフォルトDBにてCRUD処理を行っていること | F3: 43031
A5: 特記事項
A6: 特になし
A8: 中項目ID | B8: Case ID | C8: 分類 | D8: 試験項目 | E8: 試験条件 | F8: 試験条件詳細【事前条件】 | G8: 試験条件詳細【実施条件】 | H8: 確認内容 | I8: 確認方法
A9: =大中項目!C13 -> DTSH0301 | B9: =IF(A9<>"",1,INDIRECT(ADDRESS(ROW(B9)-1,COLUMN(B9),4))+1) -> 1 | C9: 正常 | D9: デフォルトDBにて書き込みできること | E9: ・シャード用DBが作成されていること ・DynamoDBにシャードキー解決用のテーブルがあること | F9: PostgreSQL(user:postgres, username:postgres)に以下のテーブルが存在すること functionaltest functionaltest_shard1 functionaltest_shard2 DynamoDBに以下のテーブルが存在すること functionaltestShardAccount | H9: ・functionaltestのMEMBERテーブルに会員情報が登録されていること | I9: JUnit:○
A10: =大中項目!C14 -> DTSH0302 | B10: =IF(A10<>"",1,INDIRECT(ADDRESS(ROW(B10)-1,COLUMN(B10),4))+1) -> 1 | C10: 正常 | D10: デフォルトDBにて読み込みができること | E10: ・シャード用DBが作成されていること ・DynamoDBにシャードキー解決用のテーブルがあること | F10: PostgreSQL(user:postgres, username:postgres)に以下のテーブルが存在すること functionaltest functionaltest_shard1 functionaltest_shard2 DynamoDBに以下のテーブルが存在すること functionaltestShardAccount | G10: functionaltestのMEMBERテーブルにレコードが1件以上存在すること | H10: ・functionaltestのMEMBERテーブルから会員情報が取得できること | I10: JUnit:○
A11: =大中項目!C15 -> DTSH0303 | B11: =IF(A11<>"",1,INDIRECT(ADDRESS(ROW(B11)-1,COLUMN(B11),4))+1) -> 1 | C11: 正常 | D11: デフォルトDBにて更新ができること | E11: ・シャード用DBが作成されていること ・DynamoDBにシャードキー解決用のテーブルがあること | F11: PostgreSQL(user:postgres, username:postgres)に以下のテーブルが存在すること functionaltest functionaltest_shard1 functionaltest_shard2 DynamoDBに以下のテーブルが存在すること functionaltestShardAccount | G11: functionaltestのMEMBERテーブルにレコードが1件以上存在すること | H11: ・functionaltestのMEMBERテーブルから更新後の会員情報を取得できること | I11: JUnit:○
A12: =大中項目!C16 -> DTSH0304 | B12: =IF(A12<>"",1,INDIRECT(ADDRESS(ROW(B12)-1,COLUMN(B12),4))+1) -> 1 | C12: 正常 | D12: デフォルトDBにて削除ができること | E12: ・シャード用DBが作成されていること ・DynamoDBにシャードキー解決用のテーブルがあること | F12: PostgreSQL(user:postgres, username:postgres)に以下のテーブルが存在すること functionaltest functionaltest_shard1 functionaltest_shard2 DynamoDBに以下のテーブルが存在すること functionaltestShardAccount | G12: functionaltestのMEMBERテーブルにレコードが1件以上存在すること | H12: ・functionaltestのMEMBERテーブルから会員情報を削除できること | I12: JUnit:○
B13: =IF(A13<>"",1,INDIRECT(ADDRESS(ROW(B13)-1,COLUMN(B13),4))+1) -> 2
B14: =IF(A14<>"",1,INDIRECT(ADDRESS(ROW(B14)-1,COLUMN(B14),4))+1) -> 3
B15: =IF(A15<>"",1,INDIRECT(ADDRESS(ROW(B15)-1,COLUMN(B15),4))+1) -> 4
B16: =IF(A16<>"",1,INDIRECT(ADDRESS(ROW(B16)-1,COLUMN(B16),4))+1) -> 5
B17: =IF(A17<>"",1,INDIRECT(ADDRESS(ROW(B17)-1,COLUMN(B17),4))+1) -> 6
B18: =IF(A18<>"",1,INDIRECT(ADDRESS(ROW(B18)-1,COLUMN(B18),4))+1) -> 7
B19: =IF(A19<>"",1,INDIRECT(ADDRESS(ROW(B19)-1,COLUMN(B19),4))+1) -> 8

Sheet DTSH04
A1: 試験項目表 | C1: 件数 | D1: 機能ID/機能名 | E1: 大項目ID/大項目名 | F1: 作成者/作成日 | G1: 更新者/更新日 | H1: レビュー実施者/ レビュー日
A2: 大中項目へ | C2: =COUNTA($D$9:$D$65505) -> 1 | D2: =大中項目!B1 -> DTSH | E2: =大中項目!A17 -> DTSH04 | F2: 小松原 健
D3: =大中項目!B2 -> データベースシャーディング | E3: =大中項目!B17 -> Serviceクラスの引数がないメソッドに@ShardWithAccountを付与し、デフォルトDBにアクセスすること | F3: 43073
A5: 特記事項
A6: 特になし
A8: 中項目ID | B8: Case ID | C8: 分類 | D8: 試験項目 | E8: 試験条件 | F8: 試験条件詳細【事前条件】 | G8: 試験条件詳細【実施条件】 | H8: 確認内容 | I8: 確認方法
A9: =大中項目!C17 -> DTSH0401 | B9: =IF(A9<>"",1,INDIRECT(ADDRESS(ROW(B9)-1,COLUMN(B9),4))+1) -> 1 | C9: 正常 | D9: =大中項目!D17 -> Serviceクラスの引数がないメソッドに@ShardWithAccountを付与し、デフォルトDBに削除ができること | E9: ・シャード用DBが作成されていること ・DynamoDBにシャードキー解決用のテーブルがあること ・@ShardWithAccountを引数なしのメソッドに付与していること | F9: PostgreSQL(user:postgres, username:postgres)に以下のテーブルが存在すること functionaltest functionaltest_shard1 functionaltest_shard2 DynamoDBに以下のテーブルが存在すること functionaltestShardAccount | H9: ・functionaltestのMEMBERテーブルの会員情報が全件削除されていること | I9: JUnit:○
B10: =IF(A10<>"",1,INDIRECT(ADDRESS(ROW(B10)-1,COLUMN(B10),4))+1) -> 2
B11: =IF(A11<>"",1,INDIRECT(ADDRESS(ROW(B11)-1,COLUMN(B11),4))+1) -> 3
B12: =IF(A12<>"",1,INDIRECT(ADDRESS(ROW(B12)-1,COLUMN(B12),4))+1) -> 4
B13: =IF(A13<>"",1,INDIRECT(ADDRESS(ROW(B13)-1,COLUMN(B13),4))+1) -> 5
B14: =IF(A14<>"",1,INDIRECT(ADDRESS(ROW(B14)-1,COLUMN(B14),4))+1) -> 6
B15: =IF(A15<>"",1,INDIRECT(ADDRESS(ROW(B15)-1,COLUMN(B15),4))+1) -> 7
B16: =IF(A16<>"",1,INDIRECT(ADDRESS(ROW(B16)-1,COLUMN(B16),4))+1) -> 8
B17: =IF(A17<>"",1,INDIRECT(ADDRESS(ROW(B17)-1,COLUMN(B17),4))+1) -> 9
B18: =IF(A18<>"",1,INDIRECT(ADDRESS(ROW(B18)-1,COLUMN(B18),4))+1) -> 10
B19: =IF(A19<>"",1,INDIRECT(ADDRESS(ROW(B19)-1,COLUMN(B19),4))+1) -> 11
